https://contenderbicycles.com/products/12-ctube,"12"" Bicycle Inner Tube | Contender Bicycles"
https://contenderbicycles.com/products/2020-cannondale-synapse-neo-se-650b-agave,2020 Cannondale Synapse Neo SE 650b Agave
https://contenderbicycles.com/products/2020-contender-bicycles-short-sleeve-mountain-jersey,2020 Contender Bicycles Short Sleeve Mtn Jersey
https://contenderbicycles.com/products/2020-pearl-izumi-womens-cyclone-gel-glove,Pearl Izumi Women's Cyclone Gel Glove | Contender Bicycles
https://contenderbicycles.com/products/2021-bmc-teammachine-slr-one,2021 BMC Teammachine SLR ONE
https://contenderbicycles.com/products/2021-cannondale-kids-trail-1-12-female,"2021 Cannondale Kids Trail 1 12"" | Contender Bicycles"
https://contenderbicycles.com/products/2021-cannondale-kids-trail-16-freewheel,"2021 Cannondale Kids Trail 16"" Freewheel | Contender Bicycles"
https://contenderbicycles.com/products/2021-cannondale-trail-5-27-5,"2021 Cannondale Trail 5 27.5"" | Contender Bicycles"
https://contenderbicycles.com/products/2021-cannondale-trail-se-3-impact-orange,2021 Cannondale Trail SE 3 Impact Orange | Contender Bicycles
https://contenderbicycles.com/products/2021-santa-cruz-v10-7-cc-dh-s,2021 Santa Cruz V10 7 CC DH S | Contender Bicycles
https://contenderbicycles.com/products/2022-bmc-teammachine-slr-four-rival-axs-hrd,2022 BMC Teammachine SLR FOUR | BMC Bikes | Contender Bicycles
https://contenderbicycles.com/products/2022-bmc-teammachine-slr-seven-105-mix,2022 BMC Teammachine SLR SEVEN | BMC Bikes | Contender Bicycles
https://contenderbicycles.com/products/2022-bmc-teammachine-slr-three,2022 BMC Teammachine SLR THREE | BMC Bikes | Contender Bicycles
https://contenderbicycles.com/products/2022-bmc-teammachine-slr01-three-ultegra-di2,2022 BMC Teammachine SLR01 THREE Ultegra Di2 | BMC Bikes | Contender Bicycles
https://contenderbicycles.com/products/2022-orbea-oiz-m-team-tr,2022 Orbea OIZ M Team TR | ORBEA Bikes | Contender Bicycles
https://contenderbicycles.com/products/2022-scott-rc-evo-road-shoe,2022 SCOTT RC Evo Road Shoe | SCOTT BIKES | Contender Bicycles
https://contenderbicycles.com/products/2022-shimano-sh-xc702-cross-country-shoe,2022 Shimano SH-XC702 Shoe | Contender Bicycles
https://contenderbicycles.com/products/24-ctube,"24"" Bicycle Inner Tube | Contender Bicycles"
https://contenderbicycles.com/products/27-5-ctube,"27.5"" Bicycle Inner Tube | Contender Bicycles"
https://contenderbicycles.com/products/3t-aeronova-team-stealth-handlebar,3T Aeronova Team Stealth Handlebar | Contender Bicycles
https://contenderbicycles.com/products/3t-exploro-boost-dropbar-1x-grx,3T Exploro Boost Dropbar 1x GRX | 3T Bikes | Contender Bicycles
https://contenderbicycles.com/products/3t-exploro-max-eagle-axs-1x,3T Exploro Max Eagle AXS 1x | 3T Bikes | Contender Bicycles
https://contenderbicycles.com/products/3t-exploro-max-grx-2x,3T Exploro Max GRX 2x | 3T Bikes | Contender Bicycles
https://contenderbicycles.com/products/3t-exploro-pro-grx-2x,3T Exploro PRO GRX 2X | 3T Bikes | Contender Bicycles
https://contenderbicycles.com/products/3t-exploro-racemax-ekar-1x13,3T Exploro RaceMax Ekar 1x13 | 3T Bikes | Contender Bicycles
https://contenderbicycles.com/products/3t-exploro-racemax-force-axs-2x,3T Exploro RaceMax Force AXS 2X | 3T Bikes | Contender Bicycles
https://contenderbicycles.com/products/3t-exploro-team-force,3T Exploro Team Speed Force1 | 3T Bikes | Contender Bicycles
https://contenderbicycles.com/products/3t-strada-concept3-red-etap-chris-king,3T Strada Concept3 Red eTap / Chris King | Contender Bicycles
https://contenderbicycles.com/products/3t-strada-schleck-special-edition,3T Strada Schleck Special Edition | 3T Bikes | Contender Bicycles
https://contenderbicycles.com/products/650-ctube,650b Bicycle Inner Tube | Contender Bicycles
https://contenderbicycles.com/products/7mesh-wk3-womens-bib-short,ls
https://contenderbicycles.com/products/allied-derailleur-hanger-fits-able-gravel-bike,Allied Derailleur Hanger - Fits Able Gravel bike
https://contenderbicycles.com/products/arundel-gordo-saddle-bag,Arundel Gordo Saddle Bag | Contender Bicycles
https://contenderbicycles.com/products/arundel-handlebar-czar-bag,Arundel Handlebar Czar Bag | Contender Bicycles
https://contenderbicycles.com/products/arundel-isabell-bell,Arundel Isabell Bell | Contender Bicycles
https://contenderbicycles.com/products/arundel-jezebell-brass-bell,Arundel Jezebell Brass Bell | Contender Bicycles
https://contenderbicycles.com/products/assos-armwarmers_evo7,Assos arm Warmers evo 7
https://contenderbicycles.com/products/assos-assosoires-bootie-winter,Assos ASSOSOIRES Bootie Winter | Contender Bicycles
https://contenderbicycles.com/products/assos-assosoires-face-mask-winter,Assos ASSOSOIRES Face Mask Winter
https://contenderbicycles.com/products/assos-assosoires-spring-fall-gloves,Assos ASSOSOIRES Spring/Fall Gloves | Contender Bicycles
https://contenderbicycles.com/products/assos-assosoires-trail-winter-socks,Assos ASSOSOIRES Trail Winter Socks | Contender Bicycles
https://contenderbicycles.com/products/assos-assosoires-ultraz-winter-face-mask,Assos ASSOSOIRES Ultraz Winter Face Mask | Contender Bicycles
https://contenderbicycles.com/products/assos-assosoires-winter-gloves,Assos ASSOSOIRES Winter Gloves | Contender Bicycles
https://contenderbicycles.com/products/assos-bonkagloves_evo7,Assos bonkaGloves_evo7 | Contender Bicycles
https://contenderbicycles.com/products/assos-chamois-creme-200ml,Assos Chamois Creme 200ml | Contender Bicycles
https://contenderbicycles.com/products/assos-fugucap_s7,Assos fuguCap_S7 | Contender Bicycles
https://contenderbicycles.com/products/assos-ladys-hk-laalalaiknickers_s7,Assos Lady's HK.laalalaiKnickers_s7 | Contender Bicycles
https://contenderbicycles.com/products/assos-ll-habutights_s7_no-insert,Assos LL.habuTights_s7_no insert | Contender Bicycles
https://contenderbicycles.com/products/assos-mille-gt-bib-shorts,Assos Mille GT Bib Shorts | Contender Bicycles
https://contenderbicycles.com/products/assos-mille-gt-jacket-spring-fall,Assos Mille GT Jacket Spring Fall | Contender Bicycles
https://contenderbicycles.com/products/assos-mille-gt-spring-fall-knickers,Assos MILLE GT Spring/Fall Knickers | Contender Bicycles
https://contenderbicycles.com/products/assos-mille-gt-ss-jersey-c2,Assos Mille GT SS Jersey c2 | Contender Bicycles
https://contenderbicycles.com/products/assos-mille-gt-wind-jacket,Assos Mille GT Wind Jacket | Contender Bicycles
https://contenderbicycles.com/products/assos-recovery-socks,Assos Recovery Socks | Contender Bicycles
https://contenderbicycles.com/products/assos-rs-aero-sf-gloves,Assos RS Aero SF Gloves | Contender Bicycles
https://contenderbicycles.com/products/assos-skin-repair-gel,Assos Skin Repair Gel | Contender Bicycles
https://contenderbicycles.com/products/assos-t-equipe-rs-s9-bib-shorts,Assos T.equipe RS S9 Bib Shorts | Contender Bicycles
https://contenderbicycles.com/products/assos-t-rallyshorts_s7,ASSOS T.rallyShorts_S7 | Contender Bicycles
https://contenderbicycles.com/products/assos-trail-liner-shorts,Assos Trail Liner Shorts | Contender Bicycles
https://contenderbicycles.com/products/assos-uma-gt-half-short-c2,Assos Uma GT Half Short C2 | Contender Bicycles
https://contenderbicycles.com/products/assos-uma-gt-half-shorts-evo,Assos Uma GT Half Shorts EVO | Contender Bicycles
https://contenderbicycles.com/products/assos-uma-gt-summer-long-sleeve-jersey,Assos UMA GT Summer Long Sleeve Jersey | Contender Bicycles
https://contenderbicycles.com/products/assos-uma-gt-wind-vest-summer,Assos UMA GT Wind Vest Summer | Contender Bicycles
https://contenderbicycles.com/products/assos-womens-chamois-creme,Assos Women's Chamois Creme | Contender Bicycles
https://contenderbicycles.com/products/assos-womens-dyora-rs-summer-bib-shorts-s9,Assos Women's Dyora RS Summer Bib Shorts S9 | Contender Bicycles
https://contenderbicycles.com/products/assos-womens-laalalaicargoshorts,Assos Women's H.laalalaiCargoShorts_s7 | Contender Bicycles
https://contenderbicycles.com/products/assos-womens-uma-gt-half-shorts-s7,Assos Women's UMA GT Half Shorts S7 | Contender Bicycles
https://contenderbicycles.com/products/assos-womens-uma-gt-spring-fall-half-tights,Assos Women's UMA GT Spring/Fall Half Tights | Contender Bicycles
https://contenderbicycles.com/products/assos-womens-uma-gt-ss-jersey-c2,Assos Women's Uma GT SS Jersey c2 | Contender Bicycles
https://contenderbicycles.com/products/avid-5-1-dot-hydraulic-brake-fluid-4oz,Avid 5.1 DOT Hydraulic Brake Fluid 4oz | Contender Bicycles
https://contenderbicycles.com/products/avid-disc-20mm-post-mount-adaptor-fits-180mm-front-and-160mm-rear-rotors,Avid Disc 20mm Post Mount | Contender Bicycles
https://contenderbicycles.com/products/avid-disc-brake-bleed-kit,Avid Disc Brake Bleed Kit | Contender Bicycles
https://contenderbicycles.com/products/bivo-gravity-flow-lid,Bivo Gravity Flow Lid
https://contenderbicycles.com/products/blackburn-airstik-2-stage-mini-pump,Blackburn Airstik 2 Stage Mini Pump | Contender Bicycles
https://contenderbicycles.com/products/blackburn-big-switch-mini-tool,Blackburn Big Switch Mini Tool | Contender Bicycles
https://contenderbicycles.com/products/blackburn-central-50-rear-light,Blackburn Central 50 Rear Light | Contender Bicycles
https://contenderbicycles.com/products/blackburn-chamber-tubeless-pump,Blackburn Chamber Tubeless Floor Pump Black | Contender Bicycles
https://contenderbicycles.com/products/blackburn-core-c02fer-mini-pump,Blackburn Core C02'Fer Mini-Pump | Contender Bicycles
https://contenderbicycles.com/products/blackburn-dayblazer-1000-65-front-rear-combo,Blackburn Dayblazer 1000 65 Front/Rear Combo | Contender Bicycles
https://contenderbicycles.com/products/blackburn-dayblazer-1100-front-65-rear-light-set-black,Blackburn Dayblazer 1100 Front 65 Rear Light Set | Contender Bicycles
https://contenderbicycles.com/products/blackburn-dayblazer-1100-front-light,Blackburn Dayblazer 1100 Front Light | Contender Bicycles
https://contenderbicycles.com/products/blackburn-dayblazer-400-and-click-rear,Blackburn Dayblazer 400 Front and Click USB Rear | Contender Bicycles
https://contenderbicycles.com/products/blackburn-dayblazer-400-front-65-rear-light-combo-black,Blackburn Dayblazer 400 Front/65 Rear Light Combo | Contender Bicycles
https://contenderbicycles.com/products/blackburn-dayblazer-400-front-light,Blackburn Dayblazer 400 Front | Contender Bicycles
https://contenderbicycles.com/products/blackburn-grid-side-beacon-light-set,Blackburn Grid Side Beacon Light Set | Contender Bicycles
https://contenderbicycles.com/products/blackburn-honest-digital-shock-pump-silver,Blackburn Honest Digital Shock Pump | Contender Bicycles
https://contenderbicycles.com/products/blackburn-local-u-lock-compact-4-cable-set,Blackburn Local U Lock Compact + 4' Cable Set | Contender Bicycles
https://contenderbicycles.com/products/blackburn-mammoth-2stage-mini-pump,Blackburn Mammoth 2stage Anyvalve Black | Contender Bicycles
https://contenderbicycles.com/products/blackburn-mammoth-anyvalve-mini-pump-black,Blackburn Mammoth Anyvalve Mini Pump Black | Contender Bicycles
https://contenderbicycles.com/products/blackburn-mammoth-co2fer-mini-pump,Blackburn MAMMOTH CO2FER MINI PUMP | Contender Bicycles
https://contenderbicycles.com/products/blackburn-mammoth-pump-frame-mount,Blackburn Mammoth pump frame mount | Contender Bicycles
https://contenderbicycles.com/products/blackburn-outpost-bike-and-camp-light,Blackburn Outpost Bike and Camp Light | Contender Bicycles
https://contenderbicycles.com/products/blackburn-outpost-cargo-cage-pewter,Blackburn Outpost Cargo Cage Pewter | Contender Bicycles
https://contenderbicycles.com/products/blackburn-outpost-handlebar-roll-dry-bag,Blackburn Outpost Handlebar Roll & Dry Bag | Contender Bicycles
https://contenderbicycles.com/products/blackburn-outpost-seat-pack-dry-bag,Blackburn Outpost Seat Pack & Dry Bag | Contender Bicycles
https://contenderbicycles.com/products/blackburn-outpost-top-tube-bag,Blackburn Outpost Top Tube Bag | Contender Bicycles
https://contenderbicycles.com/products/blackburn-piston-1-floor-pump,Blackburn Piston 1 Floor Pump | Contender Bicycles
https://contenderbicycles.com/products/blackburn-piston-4-floor-pump-silver,Blackburn Piston 4 Floor Pump Silver | Contender Bicycles
https://contenderbicycles.com/products/blackburn-plugger-refill-tire-plugs,Blackburn Plugger Refill Replacement Tire Plugs | Contender Bicycles
https://contenderbicycles.com/products/blackburn-pro-plugger,Blackburn Pro Plugger | Contender Bicycles
https://contenderbicycles.com/products/blackburn-switch-wrap-multi-tool,Blackburn Switch Wrap Multi Tool | Contender Bicycles
https://contenderbicycles.com/products/blackburn-tradesman-multi-tool,Blackburn Tradesman Multi-Tool | Contender Bicycles
https://contenderbicycles.com/products/bmc-roadmachine-four,2021 BMC Roadmachine Four
https://contenderbicycles.com/products/bmc-roadmachine-x,2021 BMC Roadmachine X
https://contenderbicycles.com/products/bmc-speedfox-al-two,2022 BMC Speedfox AL TWO | BMC Bikes | Contender Bicycles
https://contenderbicycles.com/products/bmc-speedfox-one,2021 BMC Speedfox ONE
https://contenderbicycles.com/products/bmc-teammachine-alr-disc-two,2021 BMC Teammachine ALR Disc Two
https://contenderbicycles.com/products/bmc-teammachine-alr-one,2021 BMC Teammachine ALR ONE
https://contenderbicycles.com/products/bmc-teammachine-alr-one-1,2022 BMC Teammachine ALR ONE | BMC Bikes | Contender Bicycles
https://contenderbicycles.com/products/bmc-teammachine-alr-two,2022 BMC Teammachine ALR TWO | BMC Bikes | Contender Bicycles
https://contenderbicycles.com/products/bmc-teammachine-slr-four,2021 BMC Teammachine SLR FOUR
https://contenderbicycles.com/products/bmc-teammachine-slr-six-105,2022 BMC Teammachine SLR SIX 105 | BMC Bikes | Contender Bicycles
https://contenderbicycles.com/products/bmc-teammachine-slr-three,2021 BMC Teammachine SLR THREE
https://contenderbicycles.com/products/bmc-teammachine-slr-two,2021 BMC Teammachine SLR TWO
https://contenderbicycles.com/products/bmc-teammachine-slr01-disc-mod-frameset,BMC Teammachine SLR01 DISC MOD Frameset | Contender Bicycles
https://contenderbicycles.com/products/bmc-teammachine-slr01-four,2022 BMC Teammachine SLR01 FOUR | BMC Bikes | Contender Bicycles
https://contenderbicycles.com/products/bmc-teammachine-slr01-mod-ics,2021 BMC Teammachine SLR01 Mod - ICS
https://contenderbicycles.com/products/bmc-teammachine-slr01-mod-ics2,2021 BMC Teammachine SLR01 MOD (ICS2)
https://contenderbicycles.com/products/bmc-teammachine-slr01-team,2022 BMC Teammachine SLR01 TEAM | BMC Bikes | Contender Bicycles
https://contenderbicycles.com/products/bmc-teammachine-slr01-two-1,2022 BMC Teammachine SLR01 TWO | BMC Bikes | Contender Bicycles
https://contenderbicycles.com/products/bmc-trackmachine-al-one,2022 BMC Trackmachine AL ONE | BMC Bikes | Contender Bicycles
https://contenderbicycles.com/products/bmc-twostroke-01-one,2022 BMC Twostroke 01 ONE | BMC Bikes | Contender Bicycles
https://contenderbicycles.com/products/bmc-twostroke-al-one,2021 BMC Twostroke AL ONE | Contender Bicycles
https://contenderbicycles.com/products/bmc-urs-01-three,2021 BMC URS 01 THREE | Contender Bicycles
https://contenderbicycles.com/products/bold-unplugged-vol-1,Bold Unplugged Vol 1 | Contender Bicycles
https://contenderbicycles.com/products/cadex-42-disc-tubular-wheelset,CADEX 42 Disc Tubular Wheelset | Contender Bicycles
https://contenderbicycles.com/products/cadex-42-tubeless-wheelset,CADEX 42 Tubeless Wheelset | Contender Bicycles
https://contenderbicycles.com/products/cadex-42-tubular-wheelset,CADEX 42 Tubular Wheelset | Contender Bicycles
https://contenderbicycles.com/products/cadex-65-disc-tubular-wheelset,CADEX 65 Disc Tubular Wheelset | Contender Bicycles
https://contenderbicycles.com/products/cadex-65-tubeless-wheelset,CADEX 65 Tubeless Wheelset | Contender Bicycles
https://contenderbicycles.com/products/cadex-65-tubular-wheelset,CADEX 65 Tubular Wheelset | Contender Bicycles
https://contenderbicycles.com/products/cadex-race-tubeless-tire,CADEX Race Tubeless Tire | Contender Bicycles
https://contenderbicycles.com/products/camelbak-aurora-85-oz,CamelBak Aurora 85 oz | Contender Bicycles
https://contenderbicycles.com/products/camelbak-big-bite-valve,CamelBak Big Bite Valve | Contender Bicycles
https://contenderbicycles.com/products/camelbak-charm-50-oz,CamelBak Charm 50 oz | Contender Bicycles
https://contenderbicycles.com/products/camelbak-chase-8-vest-70-oz,Camelbak Chase 8 Vest 70 oz | Contender Bicycles
https://contenderbicycles.com/products/camelbak-chase-protector-vest-70-oz-black,Camelbak Chase Protector Vest 70 oz Black | Contender Bicycles
https://contenderbicycles.com/products/camelbak-cleaning-tablets-8pk,Camelbak Cleaning Tablets - 8pk | Contender Bicycles
https://contenderbicycles.com/products/camelbak-crux-hydration-pack-reservoir-50oz,Camelbak Crux Hydration Pack Reservoir: 50oz | Contender Bicycles
https://contenderbicycles.com/products/camelbak-crux-lumbar-3l-reservoir-blue,"CamelBak Crux Lumbar 3L Reservoir, Blue | Contender Bicycles"
https://contenderbicycles.com/products/camelbak-crux-resevoir,CamelBak Crux Reservoir | Contender Bicycles
https://contenderbicycles.com/products/camelbak-dirt-series-podium-21oz,Camelbak Dirt Series Podium 21oz | Contender Bicycles
https://contenderbicycles.com/products/camelbak-dirt-series-podium-chill-21oz,Camelbak Dirt Series Podium Chill 21oz | Contender Bicycles
https://contenderbicycles.com/products/camelbak-horizon-can-cooler-mug,Camelbak Horizon Can Cooler Mug | Contender Bicycles
https://contenderbicycles.com/products/camelbak-lobo-100-oz-hydration-pack,Camelbak Lobo 100 oz Hydration Pack | Contender Bicycles
https://contenderbicycles.com/products/camelbak-palos-lr-4-50-oz,CamelBak Palos LR 4 50 oz | Contender Bicycles
https://contenderbicycles.com/products/camelbak-podium-flow-belt,CamelBak Podium Flow Belt 21oz | Contender Bicycles
https://contenderbicycles.com/products/camelbak-ratchet-100-oz,CamelBak Ratchet 100 oz | Contender Bicycles
https://contenderbicycles.com/products/camelbak-rogue-70oz,Camelbak Rogue 70oz | Contender Bicycles
https://contenderbicycles.com/products/camelbak-scout-50-oz-purple-sapphire-azaela,Camelbak Scout 50 oz Purple Sapphire/Azaela | Contender Bicycles
https://contenderbicycles.com/products/camelbak-skyline-10-lr-100-oz,CamelBak Skyline 10 LR 100 oz | Contender Bicycles
https://contenderbicycles.com/products/camelbak-solstice-lr-10-100-oz,CamelBak Solstice LR 10 100 oz | Contender Bicycles
https://contenderbicycles.com/products/camelbak-stash-belt,Camelbak Stash Belt | Contender Bicycles
https://contenderbicycles.com/products/camelbak-womens-hydrobak-light-50oz,Camelbak Women's Hydrobak Light 50oz | Contender Bicycles
https://contenderbicycles.com/products/campagnolo-chorus-11-speed-cassette,Campagnolo Chorus 11-Speed Cassette | Contender Bicycles
https://contenderbicycles.com/products/campagnolo-chorus-crankset-172-5mm-50-34-carbon,"Campagnolo Chorus Crankset 172.5mm, 50-34, Carbon | Contender Bicycles"
https://contenderbicycles.com/products/campagnolo-ekar-13-crankset,Campagnolo Ekar 13 Crankset | Contender Bicycles
https://contenderbicycles.com/products/campagnolo-ekar-rear-derailleur,Campagnolo EKAR Rear Derailleur 13 speed Speed Long Cage
https://contenderbicycles.com/products/campagnolo-record-11-speed-chain,Campagnolo Record 11-Speed Chain | Contender Bicycles
https://contenderbicycles.com/products/campagnolo-ultra-low-friction-brake-derailleur-cable-and-housing-set,Campagnolo Ultra Low Friction Cable and Housing | Contender Bicycles
https://contenderbicycles.com/products/cannondale-20-m-kids-quick,Cannondale 20 M Kids Quick | CANNONDALE Bikes | Contender Bicycles
https://contenderbicycles.com/products/cannondale-29-u-tesoro-neo-x-3-remixte,2021 Cannondale 29 U Tesoro Neo X 3 Remixte | Contender Bicycles
https://contenderbicycles.com/products/cannondale-650-u-adventure-neo-1-eq,2021 Cannondale 650 U Adventure Neo 1 EQ | Contender Bicycles
https://contenderbicycles.com/products/cannondale-brake-mount-flat,Cannondale Brake Mount Flat | Contender Bicycles
https://contenderbicycles.com/products/cannondale-hollogram-spider-w-53-39-chainrings,Cannondale Hollogram spider w 53/39 chainrings | Contender Bicycles
https://contenderbicycles.com/products/cannondale-kids-trail-ss-16-f,2021 Cannondale Kids Trail SS 16 F | Contender Bicycles
https://contenderbicycles.com/products/cannondale-mountain-derailleur-hanger-kp432-scalpel-si,Cannondale Mountain Derailleur Hanger Scalpel Si | Contender Bicycles
https://contenderbicycles.com/products/cannondale-road-derailleur-hanger-kf096,Cannondale Road Derailleur Hanger KF096 | Contender Bicycles
https://contenderbicycles.com/products/cannondale-road-derailleur-hanger-kp396,Cannondale Road Derailleur Hanger KP396 | Contender Bicycles
https://contenderbicycles.com/products/cannondale-scalpel-carbon-se-1,Cannondale Scalpel Carbon SE 1 | CANNONDALE Bikes | Contender Bicycles
https://contenderbicycles.com/products/cannondale-topstone-neo-sl-2,Cannondale Topstone Neo SL 2 | CANNONDALE Bikes | Contender Bicycles
https://contenderbicycles.com/products/cateye-light-helmet-mount-for-nano-shot,Cateye Light Helmet Mount | Contender Bicycles
https://contenderbicycles.com/products/clement-las-tubular-tire-700-x-33c-black,Clement LAS Tubular Tire 700x33 Black | Contender Bicycles
https://contenderbicycles.com/products/colnago-v3-rs-disc-frame,Colnago V3-rs Disc Frame | COLNAGO Bikes | Contender Bicycles
https://contenderbicycles.com/products/colnago-v3-rs-frame,Colnago V3-rs Frame | COLNAGO Bikes | Contender Bicycles
https://contenderbicycles.com/products/contender-barn-t-shirt-vintage-black,Contender Barn T-Shirt Vintage Black | Contender Bicycles
https://contenderbicycles.com/products/contender-barn-t-shirt-vintage-navy,Contender Barn T-Shirt Vintage Navy | Contender Bicycles
https://contenderbicycles.com/products/contender-bicycles-crewneck-sweatshirt,Contender Bicycles Crewneck Sweatshirt | Contender Bicycles
https://contenderbicycles.com/products/contender-bicycles-gravel-crew,Contender Bicycles Gravel Crew | Contender Bicycles
https://contenderbicycles.com/products/contender-bicycles-podium-water-bottle,Contender Bicycles Podium Water Bottle 24oz | Contender Bicycles
https://contenderbicycles.com/products/contender-carbon-flippable-side-entry-bottle-cage,Contender Carbon Flippable Side Entry Bottle Cage | Contender Bicycles
https://contenderbicycles.com/products/contender-carbon-flippable-side-entry-bottle-cage-weave,Contender Carbon Flippable Side Entry Bottle Cage | Contender Bicycles
https://contenderbicycles.com/products/contender-pc-slc-t-shirt,Contender PC SLC T-Shirt | Contender Bicycles
https://contenderbicycles.com/products/contender-pine-3-4-mtb-jersey,Contender Pine 3/4 MTB Jersey | Contender Bicycles
https://contenderbicycles.com/products/contender-pine-long-sleeve-jersey,Contender Pine Long Sleeve Jersey | Contender Bicycles
https://contenderbicycles.com/products/contender-resin-bottle-cage,Contender Resin Bottle Cage | Contender Bicycles
https://contenderbicycles.com/products/contender-scandia-blue-long-sleeve-jersey,Contender Scandia Blue Long Sleeve Jersey | Contender Bicycles
https://contenderbicycles.com/products/contender-scandia-blue-mountain-ss-jersey,Contender Scandia Blue Mountain SS Jersey | Contender Bicycles
https://contenderbicycles.com/products/contender-scandia-red-mountain-ss-jersey,Contender Scandia Red Mountain SS Jersey | Contender Bicycles
https://contenderbicycles.com/products/contender-sweater-mountain-3-4-jersey,Contender Sweater Mountain 3/4 Jersey | Contender Bicycles
https://contenderbicycles.com/products/continental-rim-cement-25g-tube,Continental Rim Cement 25g Tube | Contender Bicycles
https://contenderbicycles.com/products/crank-brothers-candy-1,Crank Brothers Candy 1 | Contender Bicycles
https://contenderbicycles.com/products/crank-brothers-candy-3,Crank Brothers Candy 3 Pedals | Contender Bicycles
https://contenderbicycles.com/products/crank-brothers-egg-beater-11-pedals,Crank Brothers Egg Beater 11 | Contender Bicycles
https://contenderbicycles.com/products/crank-brothers-mallet-enduro-long-spindle-pedals-silver-black,Crank Brothers Mallet Enduro Long Spindle Pedals
https://contenderbicycles.com/products/crank-brothers-mallet-enduro-pedals,Crank Brothers Mallet Enduro Pedals | Contender Bicycles
https://contenderbicycles.com/products/crank-brothers-pedals-eggbeater-1,Crank Brothers Pedals Eggbeater 1 | Contender Bicycles
https://contenderbicycles.com/products/crank-brothers-stamp-2-small,Crankbrothers Stamp 2 Small | Contender Bicycles
https://contenderbicycles.com/products/crankbrothers-candy-11,Crankbrothers Candy 11 | Contender Bicycles
https://contenderbicycles.com/products/crankbrothers-candy-2,Crankbrothers Candy 2 | Contender Bicycles