"12"" Bicycle Inner Tube | Contender Bicycles",https://contenderbicycles.com/products/12-ctube
2020 Cannondale Synapse Neo SE 650b Agave,https://contenderbicycles.com/products/2020-cannondale-synapse-neo-se-650b-agave
2020 Contender Bicycles Short Sleeve Mtn Jersey,https://contenderbicycles.com/products/2020-contender-bicycles-short-sleeve-mountain-jersey
Pearl Izumi Women's Cyclone Gel Glove | Contender Bicycles,https://contenderbicycles.com/products/2020-pearl-izumi-womens-cyclone-gel-glove
2021 BMC Teammachine SLR ONE,https://contenderbicycles.com/products/2021-bmc-teammachine-slr-one
"2021 Cannondale Kids Trail 1 12"" | Contender Bicycles",https://contenderbicycles.com/products/2021-cannondale-kids-trail-1-12-female
"2021 Cannondale Kids Trail 16"" Freewheel | Contender Bicycles",https://contenderbicycles.com/products/2021-cannondale-kids-trail-16-freewheel
"2021 Cannondale Trail 5 27.5"" | Contender Bicycles",https://contenderbicycles.com/products/2021-cannondale-trail-5-27-5
2021 Cannondale Trail SE 3 Impact Orange | Contender Bicycles,https://contenderbicycles.com/products/2021-cannondale-trail-se-3-impact-orange
2022 BMC Teammachine SLR FOUR | BMC Bikes | Contender Bicycles,https://contenderbicycles.com/products/2022-bmc-teammachine-slr-four-rival-axs-hrd
2022 BMC Teammachine SLR SEVEN | BMC Bikes | Contender Bicycles,https://contenderbicycles.com/products/2022-bmc-teammachine-slr-seven-105-mix
2022 BMC Teammachine SLR THREE | BMC Bikes | Contender Bicycles,https://contenderbicycles.com/products/2022-bmc-teammachine-slr-three
2022 BMC Teammachine SLR01 THREE Ultegra Di2 | BMC Bikes | Contender Bicycles,https://contenderbicycles.com/products/2022-bmc-teammachine-slr01-three-ultegra-di2
2022 SCOTT RC Evo Road Shoe | SCOTT BIKES | Contender Bicycles,https://contenderbicycles.com/products/2022-scott-rc-evo-road-shoe
2022 Shimano SH-XC702 Shoe | Contender Bicycles,https://contenderbicycles.com/products/2022-shimano-sh-xc702-cross-country-shoe
"24"" Bicycle Inner Tube | Contender Bicycles",https://contenderbicycles.com/products/24-ctube
"27.5"" Bicycle Inner Tube | Contender Bicycles",https://contenderbicycles.com/products/27-5-ctube
3T Exploro Boost Dropbar 1x GRX | 3T Bikes | Contender Bicycles,https://contenderbicycles.com/products/3t-exploro-boost-dropbar-1x-grx
3T Exploro RaceMax Ekar 1x13 | 3T Bikes | Contender Bicycles,https://contenderbicycles.com/products/3t-exploro-racemax-ekar-1x13
650b Bicycle Inner Tube | Contender Bicycles,https://contenderbicycles.com/products/650-ctube
ls,https://contenderbicycles.com/products/7mesh-wk3-womens-bib-short
Allied Derailleur Hanger - Fits Able Gravel bike,https://contenderbicycles.com/products/allied-derailleur-hanger-fits-able-gravel-bike
Assos arm Warmers evo 7,https://contenderbicycles.com/products/assos-armwarmers_evo7
Assos ASSOSOIRES Bootie Winter | Contender Bicycles,https://contenderbicycles.com/products/assos-assosoires-bootie-winter
Assos ASSOSOIRES Face Mask Winter,https://contenderbicycles.com/products/assos-assosoires-face-mask-winter
Assos ASSOSOIRES Trail Winter Socks | Contender Bicycles,https://contenderbicycles.com/products/assos-assosoires-trail-winter-socks
Assos ASSOSOIRES Ultraz Winter Face Mask | Contender Bicycles,https://contenderbicycles.com/products/assos-assosoires-ultraz-winter-face-mask
Assos ASSOSOIRES Winter Gloves | Contender Bicycles,https://contenderbicycles.com/products/assos-assosoires-winter-gloves
Assos Chamois Creme 200ml | Contender Bicycles,https://contenderbicycles.com/products/assos-chamois-creme-200ml
Assos fuguCap_S7 | Contender Bicycles,https://contenderbicycles.com/products/assos-fugucap_s7
Assos Lady's HK.laalalaiKnickers_s7 | Contender Bicycles,https://contenderbicycles.com/products/assos-ladys-hk-laalalaiknickers_s7
Assos LL.habuTights_s7_no insert | Contender Bicycles,https://contenderbicycles.com/products/assos-ll-habutights_s7_no-insert
Assos Mille GT Jacket Spring Fall | Contender Bicycles,https://contenderbicycles.com/products/assos-mille-gt-jacket-spring-fall
Assos Mille GT SS Jersey c2 | Contender Bicycles,https://contenderbicycles.com/products/assos-mille-gt-ss-jersey-c2
Assos Mille GT Wind Jacket | Contender Bicycles,https://contenderbicycles.com/products/assos-mille-gt-wind-jacket
Assos Recovery Socks | Contender Bicycles,https://contenderbicycles.com/products/assos-recovery-socks
Assos RS Aero SF Gloves | Contender Bicycles,https://contenderbicycles.com/products/assos-rs-aero-sf-gloves
Assos T.equipe RS S9 Bib Shorts | Contender Bicycles,https://contenderbicycles.com/products/assos-t-equipe-rs-s9-bib-shorts
ASSOS T.rallyShorts_S7 | Contender Bicycles,https://contenderbicycles.com/products/assos-t-rallyshorts_s7
Assos Trail Liner Shorts | Contender Bicycles,https://contenderbicycles.com/products/assos-trail-liner-shorts
Assos Uma GT Half Short C2 | Contender Bicycles,https://contenderbicycles.com/products/assos-uma-gt-half-short-c2
Assos Uma GT Half Shorts EVO | Contender Bicycles,https://contenderbicycles.com/products/assos-uma-gt-half-shorts-evo
Assos UMA GT Summer Long Sleeve Jersey | Contender Bicycles,https://contenderbicycles.com/products/assos-uma-gt-summer-long-sleeve-jersey
Assos UMA GT Wind Vest Summer | Contender Bicycles,https://contenderbicycles.com/products/assos-uma-gt-wind-vest-summer
Assos Women's Dyora RS Summer Bib Shorts S9 | Contender Bicycles,https://contenderbicycles.com/products/assos-womens-dyora-rs-summer-bib-shorts-s9
Assos Women's H.laalalaiCargoShorts_s7 | Contender Bicycles,https://contenderbicycles.com/products/assos-womens-laalalaicargoshorts
Assos Women's UMA GT Half Shorts S7 | Contender Bicycles,https://contenderbicycles.com/products/assos-womens-uma-gt-half-shorts-s7
Assos Women's UMA GT Spring/Fall Half Tights | Contender Bicycles,https://contenderbicycles.com/products/assos-womens-uma-gt-spring-fall-half-tights
Assos Women's Uma GT SS Jersey c2 | Contender Bicycles,https://contenderbicycles.com/products/assos-womens-uma-gt-ss-jersey-c2
Avid 5.1 DOT Hydraulic Brake Fluid 4oz | Contender Bicycles,https://contenderbicycles.com/products/avid-5-1-dot-hydraulic-brake-fluid-4oz
Avid Disc 20mm Post Mount | Contender Bicycles,https://contenderbicycles.com/products/avid-disc-20mm-post-mount-adaptor-fits-180mm-front-and-160mm-rear-rotors
Avid Disc Brake Bleed Kit | Contender Bicycles,https://contenderbicycles.com/products/avid-disc-brake-bleed-kit
Bivo Gravity Flow Lid,https://contenderbicycles.com/products/bivo-gravity-flow-lid
Blackburn Airstik 2 Stage Mini Pump | Contender Bicycles,https://contenderbicycles.com/products/blackburn-airstik-2-stage-mini-pump
Blackburn Chamber Tubeless Floor Pump Black | Contender Bicycles,https://contenderbicycles.com/products/blackburn-chamber-tubeless-pump
Blackburn Core C02'Fer Mini-Pump | Contender Bicycles,https://contenderbicycles.com/products/blackburn-core-c02fer-mini-pump
Blackburn Dayblazer 1000 65 Front/Rear Combo | Contender Bicycles,https://contenderbicycles.com/products/blackburn-dayblazer-1000-65-front-rear-combo
Blackburn Dayblazer 1100 Front 65 Rear Light Set | Contender Bicycles,https://contenderbicycles.com/products/blackburn-dayblazer-1100-front-65-rear-light-set-black
Blackburn Dayblazer 1100 Front Light | Contender Bicycles,https://contenderbicycles.com/products/blackburn-dayblazer-1100-front-light
Blackburn Grid Side Beacon Light Set | Contender Bicycles,https://contenderbicycles.com/products/blackburn-grid-side-beacon-light-set
Blackburn Honest Digital Shock Pump | Contender Bicycles,https://contenderbicycles.com/products/blackburn-honest-digital-shock-pump-silver
Blackburn Mammoth 2stage Anyvalve Black | Contender Bicycles,https://contenderbicycles.com/products/blackburn-mammoth-2stage-mini-pump
Blackburn Outpost Bike and Camp Light | Contender Bicycles,https://contenderbicycles.com/products/blackburn-outpost-bike-and-camp-light
Blackburn Outpost Cargo Cage Pewter | Contender Bicycles,https://contenderbicycles.com/products/blackburn-outpost-cargo-cage-pewter
Blackburn Outpost Handlebar Roll & Dry Bag | Contender Bicycles,https://contenderbicycles.com/products/blackburn-outpost-handlebar-roll-dry-bag
Blackburn Outpost Top Tube Bag | Contender Bicycles,https://contenderbicycles.com/products/blackburn-outpost-top-tube-bag
Blackburn Plugger Refill Replacement Tire Plugs | Contender Bicycles,https://contenderbicycles.com/products/blackburn-plugger-refill-tire-plugs
Blackburn Tradesman Multi-Tool | Contender Bicycles,https://contenderbicycles.com/products/blackburn-tradesman-multi-tool
2021 BMC Roadmachine Four,https://contenderbicycles.com/products/bmc-roadmachine-four
2021 BMC Roadmachine X,https://contenderbicycles.com/products/bmc-roadmachine-x
2022 BMC Speedfox AL TWO | BMC Bikes | Contender Bicycles,https://contenderbicycles.com/products/bmc-speedfox-al-two
2021 BMC Speedfox ONE,https://contenderbicycles.com/products/bmc-speedfox-one
2021 BMC Teammachine ALR Disc Two,https://contenderbicycles.com/products/bmc-teammachine-alr-disc-two
2021 BMC Teammachine ALR ONE,https://contenderbicycles.com/products/bmc-teammachine-alr-one
2022 BMC Teammachine ALR ONE | BMC Bikes | Contender Bicycles,https://contenderbicycles.com/products/bmc-teammachine-alr-one-1
2022 BMC Teammachine ALR TWO | BMC Bikes | Contender Bicycles,https://contenderbicycles.com/products/bmc-teammachine-alr-two
2021 BMC Teammachine SLR FOUR,https://contenderbicycles.com/products/bmc-teammachine-slr-four
2022 BMC Teammachine SLR SIX 105 | BMC Bikes | Contender Bicycles,https://contenderbicycles.com/products/bmc-teammachine-slr-six-105
2021 BMC Teammachine SLR THREE,https://contenderbicycles.com/products/bmc-teammachine-slr-three
2021 BMC Teammachine SLR TWO,https://contenderbicycles.com/products/bmc-teammachine-slr-two
2022 BMC Teammachine SLR01 FOUR | BMC Bikes | Contender Bicycles,https://contenderbicycles.com/products/bmc-teammachine-slr01-four
2021 BMC Teammachine SLR01 Mod - ICS,https://contenderbicycles.com/products/bmc-teammachine-slr01-mod-ics
2021 BMC Teammachine SLR01 MOD (ICS2),https://contenderbicycles.com/products/bmc-teammachine-slr01-mod-ics2
2022 BMC Teammachine SLR01 TEAM | BMC Bikes | Contender Bicycles,https://contenderbicycles.com/products/bmc-teammachine-slr01-team
2022 BMC Teammachine SLR01 TWO | BMC Bikes | Contender Bicycles,https://contenderbicycles.com/products/bmc-teammachine-slr01-two-1
2022 BMC Trackmachine AL ONE | BMC Bikes | Contender Bicycles,https://contenderbicycles.com/products/bmc-trackmachine-al-one
2022 BMC Twostroke 01 ONE | BMC Bikes | Contender Bicycles,https://contenderbicycles.com/products/bmc-twostroke-01-one
2021 BMC Twostroke AL ONE | Contender Bicycles,https://contenderbicycles.com/products/bmc-twostroke-al-one
2021 BMC URS 01 THREE | Contender Bicycles,https://contenderbicycles.com/products/bmc-urs-01-three
CADEX Race Tubeless Tire | Contender Bicycles,https://contenderbicycles.com/products/cadex-race-tubeless-tire
CamelBak Aurora 85 oz | Contender Bicycles,https://contenderbicycles.com/products/camelbak-aurora-85-oz
CamelBak Charm 50 oz | Contender Bicycles,https://contenderbicycles.com/products/camelbak-charm-50-oz
Camelbak Chase 8 Vest 70 oz | Contender Bicycles,https://contenderbicycles.com/products/camelbak-chase-8-vest-70-oz
Camelbak Chase Protector Vest 70 oz Black | Contender Bicycles,https://contenderbicycles.com/products/camelbak-chase-protector-vest-70-oz-black
Camelbak Cleaning Tablets - 8pk | Contender Bicycles,https://contenderbicycles.com/products/camelbak-cleaning-tablets-8pk
"CamelBak Crux Lumbar 3L Reservoir, Blue | Contender Bicycles",https://contenderbicycles.com/products/camelbak-crux-lumbar-3l-reservoir-blue
Camelbak Dirt Series Podium 21oz | Contender Bicycles,https://contenderbicycles.com/products/camelbak-dirt-series-podium-21oz
Camelbak Dirt Series Podium Chill 21oz | Contender Bicycles,https://contenderbicycles.com/products/camelbak-dirt-series-podium-chill-21oz
Camelbak Horizon Can Cooler Mug | Contender Bicycles,https://contenderbicycles.com/products/camelbak-horizon-can-cooler-mug
CamelBak Podium Flow Belt 21oz | Contender Bicycles,https://contenderbicycles.com/products/camelbak-podium-flow-belt
Camelbak Scout 50 oz Purple Sapphire/Azaela | Contender Bicycles,https://contenderbicycles.com/products/camelbak-scout-50-oz-purple-sapphire-azaela
CamelBak Skyline 10 LR 100 oz | Contender Bicycles,https://contenderbicycles.com/products/camelbak-skyline-10-lr-100-oz
CamelBak Solstice LR 10 100 oz | Contender Bicycles,https://contenderbicycles.com/products/camelbak-solstice-lr-10-100-oz
Camelbak Stash Belt | Contender Bicycles,https://contenderbicycles.com/products/camelbak-stash-belt
Camelbak Women's Hydrobak Light 50oz | Contender Bicycles,https://contenderbicycles.com/products/camelbak-womens-hydrobak-light-50oz
"Campagnolo Chorus Crankset 172.5mm, 50-34, Carbon | Contender Bicycles",https://contenderbicycles.com/products/campagnolo-chorus-crankset-172-5mm-50-34-carbon
Campagnolo Ekar 13 Crankset | Contender Bicycles,https://contenderbicycles.com/products/campagnolo-ekar-13-crankset
Campagnolo EKAR Rear Derailleur 13 speed Speed Long Cage,https://contenderbicycles.com/products/campagnolo-ekar-rear-derailleur
Campagnolo Record 11-Speed Chain | Contender Bicycles,https://contenderbicycles.com/products/campagnolo-record-11-speed-chain
Cannondale 20 M Kids Quick | CANNONDALE Bikes | Contender Bicycles,https://contenderbicycles.com/products/cannondale-20-m-kids-quick
2021 Cannondale 29 U Tesoro Neo X 3 Remixte | Contender Bicycles,https://contenderbicycles.com/products/cannondale-29-u-tesoro-neo-x-3-remixte
2021 Cannondale 650 U Adventure Neo 1 EQ | Contender Bicycles,https://contenderbicycles.com/products/cannondale-650-u-adventure-neo-1-eq
Cannondale Brake Mount Flat | Contender Bicycles,https://contenderbicycles.com/products/cannondale-brake-mount-flat
Cannondale Hollogram spider w 53/39 chainrings | Contender Bicycles,https://contenderbicycles.com/products/cannondale-hollogram-spider-w-53-39-chainrings
2021 Cannondale Kids Trail SS 16 F | Contender Bicycles,https://contenderbicycles.com/products/cannondale-kids-trail-ss-16-f
Cannondale Mountain Derailleur Hanger Scalpel Si | Contender Bicycles,https://contenderbicycles.com/products/cannondale-mountain-derailleur-hanger-kp432-scalpel-si
Cannondale Road Derailleur Hanger KF096 | Contender Bicycles,https://contenderbicycles.com/products/cannondale-road-derailleur-hanger-kf096
Cannondale Road Derailleur Hanger KP396 | Contender Bicycles,https://contenderbicycles.com/products/cannondale-road-derailleur-hanger-kp396
Cannondale Scalpel Carbon SE 1 | CANNONDALE Bikes | Contender Bicycles,https://contenderbicycles.com/products/cannondale-scalpel-carbon-se-1
Cannondale Topstone Neo SL 2 | CANNONDALE Bikes | Contender Bicycles,https://contenderbicycles.com/products/cannondale-topstone-neo-sl-2
Cateye Light Helmet Mount | Contender Bicycles,https://contenderbicycles.com/products/cateye-light-helmet-mount-for-nano-shot
Colnago V3-rs Disc Frame | COLNAGO Bikes | Contender Bicycles,https://contenderbicycles.com/products/colnago-v3-rs-disc-frame
Colnago V3-rs Frame | COLNAGO Bikes | Contender Bicycles,https://contenderbicycles.com/products/colnago-v3-rs-frame
Contender Bicycles Crewneck Sweatshirt | Contender Bicycles,https://contenderbicycles.com/products/contender-bicycles-crewneck-sweatshirt
Contender Bicycles Gravel Crew | Contender Bicycles,https://contenderbicycles.com/products/contender-bicycles-gravel-crew
Contender Carbon Flippable Side Entry Bottle Cage | Contender Bicycles,https://contenderbicycles.com/products/contender-carbon-flippable-side-entry-bottle-cage
Contender Scandia Blue Mountain SS Jersey | Contender Bicycles,https://contenderbicycles.com/products/contender-scandia-blue-mountain-ss-jersey
Contender Scandia Red Mountain SS Jersey | Contender Bicycles,https://contenderbicycles.com/products/contender-scandia-red-mountain-ss-jersey
Contender Sweater Mountain 3/4 Jersey | Contender Bicycles,https://contenderbicycles.com/products/contender-sweater-mountain-3-4-jersey
Crank Brothers Candy 1 | Contender Bicycles,https://contenderbicycles.com/products/crank-brothers-candy-1
Crank Brothers Pedals Eggbeater 1 | Contender Bicycles,https://contenderbicycles.com/products/crank-brothers-pedals-eggbeater-1
SRAM Crankset Force 1x D1 DUB Gloss | Contender Bicycles,https://contenderbicycles.com/products/crankset-force-1x-d1-dub-gloss
E-BIKE GUIDED MOUNTAIN TOUR | Contender Bicycles,https://contenderbicycles.com/products/e-bike-guided-mountain-tour
Easton EA50 AX Drop Handlebar | Contender Bicycles,https://contenderbicycles.com/products/easton-ea50-ax-drop-handlebar
Easton EA70 Drop Handlebar | Contender Bicycles,https://contenderbicycles.com/products/easton-ea70-drop-handlebar
Easton Press-fit 86.5mm Bottom Bracket | Contender Bicycles,https://contenderbicycles.com/products/easton-press-fit-86-5mm-bottom-bracket
ENVE Foundation 65 Disc Wheelset | Contender Bicycles,https://contenderbicycles.com/products/enve-65-disc-wheelset
"ENVE M60 Forty 29"", Wheelset, DT-Swiss 240 | Contender Bicycles",https://contenderbicycles.com/products/enve-m60-40-wheelset-29-28h-dt-swiss-240-xd
Enve M9 Handlebar 31.8MM | Contender Bicycles,https://contenderbicycles.com/products/enve-m9-handlebar-31-8mm
ENVE OPEN Edition Silver Seatpost | Contender Bicycles,https://contenderbicycles.com/products/enve-open-edition-silver-seatpost
ENVE SES 3.4 Disc Wheelset | Contender Bicycles,https://contenderbicycles.com/products/enve-ses-3-4-disc-wheelset
Enve SES 5.6 Disc Wheelset | Contender Bicycles,https://contenderbicycles.com/products/enve-ses-5-6-disc-wheelset
ENVE SES Aero Road Bar Compact | Contender Bicycles,https://contenderbicycles.com/products/enve-ses-aero-road-bar-compact
ENVE SES Carbon Fiber Aero Road Handlebar | Contender Bicycles,https://contenderbicycles.com/products/enve-ses-carbon-fiber-aero-road-handlebar
"ENVE SES Tubeless Tire,700x25mm | Contender Bicycles",https://contenderbicycles.com/products/enve-ses-tubeless-tire-700x25mm
ENVE SILCA Valve Extenders 34MM | Contender Bicycles,https://contenderbicycles.com/products/enve-silca-valve-extenders-34mm
ESI 32mm Chunky Silicone Grips | Contender Bicycles,https://contenderbicycles.com/products/esi-32mm-chunky-silicone-grips
ESI 34mm Extra Chunky Silicone Grips | Contender Bicycles,https://contenderbicycles.com/products/esi-34mm-extra-chunky-silicone-grips
Feedback Sports 15mm Pedal Combo Wrench | Contender Bicycles,https://contenderbicycles.com/products/feedback-sports-15mm-pedal-combo-wrench
Feedback Sports Cable Cutter | Contender Bicycles,https://contenderbicycles.com/products/feedback-sports-cable-cutter
Feedback Sports Range Torque Ratchet | Contender Bicycles,https://contenderbicycles.com/products/feedback-sports-range-torque-ratchet
Feedback Sports Team Edition Tool Kit | Contender Bicycles,https://contenderbicycles.com/products/feedback-sports-team-edition-tool-kit
Feedback Sports Tool Tray | Contender Bicycles,https://contenderbicycles.com/products/feedback-sports-tool-tray
Fizik Vento Argo R5 Saddle | Contender Bicycles,https://contenderbicycles.com/products/fizik-vento-argo-r5-saddle
FULL-DAY GUIDED GRAVEL TOUR | Contender Bicycles,https://contenderbicycles.com/products/full-day-guided-gravel-tour
FULL-DAY GUIDED MOUNTAIN TOUR | Contender Bicycles,https://contenderbicycles.com/products/full-day-guided-mountain-tour
Garmin Edge 1030 Plus GPS Cycling Computer Bundle | Contender Bicycles,https://contenderbicycles.com/products/garmin-edge-1030-plus-gps-cycling-computer-bundle
Garmin Varia Rearview Radar RTL510 and Head Unit | Contender Bicycles,https://contenderbicycles.com/products/garmin-varia-rearview-radar-rtl510-and-head-unit
Garmin Varia RTL510 Rearview Radar Tail Light | Contender Bicycles,https://contenderbicycles.com/products/garmin-varia-rtl510-rearview-radar-tail-light
Garmin Varia RTL515 Rearview Radar with Taillight | Contender Bicycles,https://contenderbicycles.com/products/garmin-varia-rtl515-rearview-radar-with-taillight
Contender Giordana Fusion Short | Contender Bicycles,https://contenderbicycles.com/products/giordana-contender-fusion-short
Giordana Contender Fusion Windfront Jacket | Contender Bicycles,https://contenderbicycles.com/products/giordana-contender-fusion-windfront-jacket-fluo-yellow
Giordana Fusion Women's Short Sleeve Jersey | Contender Bicycles,https://contenderbicycles.com/products/giordana-contender-fusion-womens-short-sleeve-jersey
Contender Giordana Silverline Women's Bib Short | Contender Bicycles,https://contenderbicycles.com/products/giordana-contender-silverline-womens-bib-short
Giordana Contender Zephyr Wind Vest | Contender Bicycles,https://contenderbicycles.com/products/giordana-contender-zephyr-wind-vest
Giordana Fusion Bib Tight | Contender Bicycles,https://contenderbicycles.com/products/giordana-fusion-bib-tight
Giordana G-Shield Arm Warmers | Contender Bicycles,https://contenderbicycles.com/products/giordana-g-shield-arm-warmers
Giordana G-Shield Bib Short | Contender Bicycles,https://contenderbicycles.com/products/giordana-g-shield-bib-short
Giordana Women's G-Shield Bib Short | Contender Bicycles,https://contenderbicycles.com/products/giordana-womens-g-shield-bib-short
Giordana Women's Vero Pro Mountain Short Liner | Contender Bicycles,https://contenderbicycles.com/products/giordana-womens-vero-pro-mountain-short-liner
Giro Aegis Footbed Kit Silver,https://contenderbicycles.com/products/giro-aegis-footbed-kit-silver
Giro Aether Spherical MIPS | Contender Bicycles,https://contenderbicycles.com/products/giro-aether-spherical-mips
Giro Agilis MIPS Women's Road Helmet | Contender Bicycles,https://contenderbicycles.com/products/giro-agilis-mips-womens-road-helmet
Giro Men's Arc Short W/Liner | Contender Bicycles,https://contenderbicycles.com/products/giro-arc-short-w-liner
Giro Base Liner Storage Vest | Contender Bicycles,https://contenderbicycles.com/products/giro-base-liner-storage-vest
Giro Blaze 2.0 Glove | Contender Bicycles,https://contenderbicycles.com/products/giro-blaze-2-0-glove
Giro Bravo LF Gel Glove | Contender Bicycles,https://contenderbicycles.com/products/giro-bravo-lf-gel-glove
Giro Cadet Shoe | Contender Bicycles,https://contenderbicycles.com/products/giro-cadet-shoe
Giro Cadet Women's Shoe | Contender Bicycles,https://contenderbicycles.com/products/giro-cadet-womens-shoe
Giro Chamber II Shoes | Contender Bicycles,https://contenderbicycles.com/products/giro-chamber-ii-shoes
Giro Chrono Knee Warmers | Contender Bicycles,https://contenderbicycles.com/products/giro-chrono-knee-warmers
Giro Cycling Quarter MIPS Mountain Helmet,https://contenderbicycles.com/products/giro-cycling-quarter-mips-mountain-helmet
Giro Cycling Womens Stow Jacket | Contender Bicycles,https://contenderbicycles.com/products/giro-cycling-womens-stow-jacket
Giro Cylinder Shoes | Contender Bicycles,https://contenderbicycles.com/products/giro-cylinder-shoes
Giro Cylinder Women's Shoes | Contender Bicycles,https://contenderbicycles.com/products/giro-cylinder-womens-shoes
Giro Ember MIPS Women's Road Helmet | Contender Bicycles,https://contenderbicycles.com/products/giro-ember-mips-womens-road-helmet
Giro Empire VR90 Shoes | Contender Bicycles,https://contenderbicycles.com/products/giro-empire-vr90-shoes
Giro Espada BOA Shoes | Contender Bicycles,https://contenderbicycles.com/products/giro-espada-boa-shoes
Giro Havoc Women's Glove | Contender Bicycles,https://contenderbicycles.com/products/giro-havoc-womens-glove
Giro Inferna Women's Glove | Contender Bicycles,https://contenderbicycles.com/products/giro-inferna-womens-glove
Giro Jacket II Shoes | Contender Bicycles,https://contenderbicycles.com/products/giro-jacket-ii-mountain-shoe
Giro Jag'ette Glove | Contender Bicycles,https://contenderbicycles.com/products/giro-jagette-glove
Giro Knit Shoe Cover | Contender Bicycles,https://contenderbicycles.com/products/giro-knit-shoe-cover
Giro Latch Men's Shoe | Contender Bicycles,https://contenderbicycles.com/products/giro-latch-mens-shoe
Giro Latch Women's Shoe | Contender Bicycles,https://contenderbicycles.com/products/giro-latch-womens-shoe
Giro Montara MIPS Helmet | Contender Bicycles,https://contenderbicycles.com/products/giro-montara-mips-helmet
Giro MR-1 Buckle Set | Contender Bicycles,https://contenderbicycles.com/products/giro-mr-1-buckle-set
Giro Proof Glove | Contender Bicycles,https://contenderbicycles.com/products/giro-proof-glove
Giro Radix MIPS Womens Helmet | Contender Bicycles,https://contenderbicycles.com/products/giro-radix-mips-womens-helmet
Giro Raes Techlace | Contender Bicycles,https://contenderbicycles.com/products/giro-raes-techlace
Giro Regime Shoe | Contender Bicycles,https://contenderbicycles.com/products/giro-regime-shoe
Giro Rev Women's Shoe | Contender Bicycles,https://contenderbicycles.com/products/giro-rev-womens-shoe
Giro Riddance | Contender Bicycles,https://contenderbicycles.com/products/giro-riddance
Giro Riddance Women's Shoes | Contender Bicycles,https://contenderbicycles.com/products/giro-riddance-womens-shoes
Giro Rivet CS | Contender Bicycles,https://contenderbicycles.com/products/giro-rivet-cs
Giro Savix Women's Shoes | Contender Bicycles,https://contenderbicycles.com/products/giro-savix-womens-shoes
Giro Sector Shoe | Contender Bicycles,https://contenderbicycles.com/products/giro-sector-shoe
Giro Sector Women's Shoe | Contender Bicycles,https://contenderbicycles.com/products/giro-sector-womens-shoe
Giro Seyen MIPS Helmet | Contender Bicycles,https://contenderbicycles.com/products/giro-seyen-mips-helmet
Giro Source MIPS Helmet | Contender Bicycles,https://contenderbicycles.com/products/giro-source-mips-helmet
Giro Syntax MIPS Helmet | Contender Bicycles,https://contenderbicycles.com/products/giro-syntax-mips-helmet
Giro Synthe MIPS II Helmet | Contender Bicycles,https://contenderbicycles.com/products/giro-synthe-mips-ii-helmet
Giro Techlace Replacement Laces | Contender Bicycles,https://contenderbicycles.com/products/giro-techlace-replacement-laces
Giro Terra Mips Winter Helmet | Contender Bicycles,https://contenderbicycles.com/products/giro-terra-mips-winter-helmet
Giro Tessa Gel Glove | Contender Bicycles,https://contenderbicycles.com/products/giro-tessa-gel-glove
Giro Tessa Gel Long Finger Glove | Contender Bicycles,https://contenderbicycles.com/products/giro-tessa-gel-long-finger-glove
Giro Trans Boa Shoes | Contender Bicycles,https://contenderbicycles.com/products/giro-trans-boa-shoes
Giro Tyrant MIPS Dirt Bike Helmet | Contender Bicycles,https://contenderbicycles.com/products/giro-tyrant-mips-mountain-bike-helmet
Giro Vanquish MIPS Helmet | Contender Bicycles,https://contenderbicycles.com/products/giro-vanquish-mips-helmet
Giro Ventana Mountain Bike Shoe | Contender Bicycles,https://contenderbicycles.com/products/giro-ventana-mountain-bike-shoe
Giro Verce MIPS Helmet | Contender Bicycles,https://contenderbicycles.com/products/giro-verce-mips-helmet
Giro Winter Shoe Cover | Contender Bicycles,https://contenderbicycles.com/products/giro-winter-shoe-cover
Giro Women's Arc Short | Contender Bicycles,https://contenderbicycles.com/products/giro-womens-arc-short
Giro Women's Base Liner Storage Vest | Contender Bicycles,https://contenderbicycles.com/products/giro-womens-base-liner-storage-vest
Giro Women's Boy Undershort II | Contender Bicycles,https://contenderbicycles.com/products/giro-womens-boy-undershort-ii
Giro Women's Chrono Expert Halter Bib Knicker | Contender Bicycles,https://contenderbicycles.com/products/giro-womens-chrono-expert-halter-bib-knicker-1
Giro Women's Chrono Thermal LS Jersey,https://contenderbicycles.com/products/giro-womens-chrono-thermal-ls-jersey
Giro Gauge Women's Mountain Shoe | Contender Bicycles,https://contenderbicycles.com/products/giro-womens-gauge-mountain-bike-shoe
Giro Womens New Road Jersey | Contender Bicycles,https://contenderbicycles.com/products/giro-womens-new-road-jersey
Giro Women's Regime Shoe | Contender Bicycles,https://contenderbicycles.com/products/giro-womens-regime-shoe
Giro Women's Stylus Shoe | Contender Bicycles,https://contenderbicycles.com/products/giro-womens-stylus-shoe
Giro Women's Supernatural Glove | Contender Bicycles,https://contenderbicycles.com/products/giro-womens-supernatural-glove
Giro Women's Venture Jersey | Contender Bicycles,https://contenderbicycles.com/products/giro-womens-venture-jersey
Giro Women's Venture Short | Contender Bicycles,https://contenderbicycles.com/products/giro-womens-venture-short
Giro Women's Xnetic Road Gloves | Contender Bicycles,https://contenderbicycles.com/products/giro-womens-xnetic-road-gloves
Giro Women's Xnetic Trail Gloves | Contender Bicycles,https://contenderbicycles.com/products/giro-womens-xnetic-trail-gloves
Giro Xnetic H20 Glove | Contender Bicycles,https://contenderbicycles.com/products/giro-xnetic-h20-glove
Giro Xnetic H20 Shoe Cover | Contender Bicycles,https://contenderbicycles.com/products/giro-xnetic-h20-shoe-cover
Giro Xnetic H20 Sock | waterproof cycling socks | Contender Bicycles,https://contenderbicycles.com/products/giro-xnetic-h20-sock
Giro Xnetic Road Gloves | Contender Bicycles,https://contenderbicycles.com/products/giro-xnetic-road-gloves
Giordana Silverline Thermal Bib Knickers Women's | Contender Bicycles,https://contenderbicycles.com/products/girodana-silverline-thermal-bib-knickers-womens
HALF-DAY GUIDED GRAVEL TOUR | Contender Bicycles,https://contenderbicycles.com/products/half-day-guided-gravel-tour
HALF-DAY GUIDED MOUNTAIN TOUR | Contender Bicycles,https://contenderbicycles.com/products/half-day-guided-mountain-tour
Hammer Gel Bottle | Contender Bicycles,https://contenderbicycles.com/products/hammer-gel-bottle
Hammer Heed | Contender Bicycles,https://contenderbicycles.com/products/hammer-heed
Hammer Recoverite | Contender Bicycles,https://contenderbicycles.com/products/hammer-recoverite
Jamis Durango A1 | Contender Bicycles,https://contenderbicycles.com/products/jamis-durango-a1
Jamis Faultline A1 | Contender Bicycles,https://contenderbicycles.com/products/jamis-faultline-a1
Jamis Faultline A2 | Contender Bicycles,https://contenderbicycles.com/products/jamis-faultline-a2
Jamis Highpoint A1 | Contender Bicycles,https://contenderbicycles.com/products/jamis-highpoint-a1
Jamis Renegade A1 | Contender Bicycles,https://contenderbicycles.com/products/jamis-renegade-a1
Jamis Renegade C2 | Contender Bicycles,https://contenderbicycles.com/products/jamis-renegade-c2
Jamis Renegade S2 | Contender Bicycles,https://contenderbicycles.com/products/jamis-renegade-s2
Jamis Renegade S3 | Contender Bicycles,https://contenderbicycles.com/products/jamis-renegade-s3
Jamis Renegade S4 | Contender Bicycles,https://contenderbicycles.com/products/jamis-renegade-s4
Jamis Sequel S2 | Contender Bicycles,https://contenderbicycles.com/products/jamis-sequel-s2
K-Edge Road Chain Catcher | Contender Bicycles,https://contenderbicycles.com/products/k-edge-road-chain-catcher
K-EDGE Stem Mount for Garmin Computers Adjustable | Contender Bicycles,https://contenderbicycles.com/products/k-edge-stem-mount-for-garmin-computers-adjustable
KCNC Razor Disc Brake Rotor | Contender Bicycles,https://contenderbicycles.com/products/kcnc-razor-disc-brake-rotor
Kuat NV 2.0 Add-On | Contender Bicycles,https://contenderbicycles.com/products/kuat-nv-2-0-bike-add-on
LifeStraw Reservoir Gravity Kit | Contender Bicycles,https://contenderbicycles.com/products/lifestraw-reservoir-gravity-kit
Maxxis High Road Tire - 700 x 28 | Contender Bicycles,https://contenderbicycles.com/products/maxxis-high-road-tire-700-x-28
Maxxis High Roller II Tire: 29 x 2.50 | Contender Bicycles,https://contenderbicycles.com/products/maxxis-high-roller-ii-tire-29-x-2-50
Maxxis Ikon 29 x 2.20 Tire | Contender Bicycles,https://contenderbicycles.com/products/maxxis-ikon-29-x-2-20
Maxxis Minion DHF 27.5 x 2.50 | Contender Bicycles,https://contenderbicycles.com/products/maxxis-minion-dhf-27-5-x-2-50
"Maxxis Minion DHR 2 Tire, 29 x 2.3 | Contender Bicycles",https://contenderbicycles.com/products/maxxis-minion-dhr-2-tire-29-x-2-3
Maxxis Minion FBF Tire 26 x 4.00 | Contender Bicycles,https://contenderbicycles.com/products/maxxis-minion-fbf-tire-26-x-4-00
Maxxis Padrone Tubeless Ready Tire | Contender Bicycles,https://contenderbicycles.com/products/maxxis-padrone-tubeless-ready-tire
Maxxis Rambler Tire - 700 x 50 | Contender Bicycles,https://contenderbicycles.com/products/maxxis-rambler-tire-700-x-50
Maxxis Receptor Tire | Contender Bicycles,https://contenderbicycles.com/products/maxxis-receptor-tire
"Maxxis, Rekon/Rekon+, Tire, 29 x 2.40 | Contender Bicycles",https://contenderbicycles.com/products/maxxis-rekon-rekon-plus-tire-29x2-40
Maxxis Rekon Tire: 27.5+ x 2.80 | Contender Bicycles,https://contenderbicycles.com/products/maxxis-rekon-tire-27-5-x-2-80
"Maxxis Rekon Tire, 29 x 2.6 | Contender Bicycles",https://contenderbicycles.com/products/maxxis-rekon-tire-29-x-2-6
Maxxis Tire - Ardent 27.5 x 2.25 Tire | Contender Bicycles,https://contenderbicycles.com/products/maxxis-tire-ardent-27-5-x-2-25
Maxxis Tire - Ardent 29 x 2.40 | Contender Bicycles,https://contenderbicycles.com/products/maxxis-tire-ardent-29-x-2-40
Maxxis Velocita Tire- 700 x 40 | Contender Bicycles,https://contenderbicycles.com/products/maxxis-velocita-tire-700-x-40
Assos Mille GT Clima Jacket | Contender Bicycles,https://contenderbicycles.com/products/mille-gt-clima-jacket
Assos Mille GT Short Sleeve Jersey | Contender Bicycles,https://contenderbicycles.com/products/mille-gt-short-sleeve-jersey
Moots Layback Cinch Post | MOOTS Bikes | Contender Bicycles,https://contenderbicycles.com/products/moots-layback-cinch-post
Moots Vamoots RSL Disc Frame | MOOTS Bikes | Contender Bicycles,https://contenderbicycles.com/products/moots-vamoots-rsl-disc
Muc-Off Individual claw brush | Contender Bicycles,https://contenderbicycles.com/products/muc-off-individual-claw-brush
OPEN Cycle Rear Derailleur Hanger - For O-1.1 | Contender Bicycles,https://contenderbicycles.com/products/open-cycle-o-1-1-rear-derailleur-hanger
Open Rear Derailleur Hanger - For O-1.0/1.1 | Contender Bicycles,https://contenderbicycles.com/products/open-rear-derailleur-hanger-for-o-1-0-1-1
Orbea Keram Kickstand Y0000107 | Contender Bicycles,https://contenderbicycles.com/products/orbea-keram-kickstand-y0000107
Panaracer Gravelking EXT Folding Gravel Tire | Contender Bicycles,https://contenderbicycles.com/products/panaracer-gravelking-ext-folding-gravel-tire
Panaracer Gravelking EXT Plus+ Folding Gravel | Contender Bicycles,https://contenderbicycles.com/products/panaracer-gravelking-ext-plus-folding-gravel-tire
Panaracer Gravelking Slick Folding Gravel Tire | Contender Bicycles,https://contenderbicycles.com/products/panaracer-gravelking-slick-folding-gravel-tire
Pearl Izumi AmFIB Lite Cycling Bib Tight | Contender Bicycles,https://contenderbicycles.com/products/pearl-izumi-amfib-lite-cycling-bib-tight
Pearl Izumi AmFIB Lite Glove | Contender Bicycles,https://contenderbicycles.com/products/pearl-izumi-amfib-lite-glove
Pearl Izumi Attack Short | Contender Bicycles,https://contenderbicycles.com/products/pearl-izumi-attack-short
Pearl Izumi Barrier Balaclava Black One Size | Contender Bicycles,https://contenderbicycles.com/products/pearl-izumi-barrier-balaclava-black-one-size
Pearl Izumi Bib Liner Short | Contender Bicycles,https://contenderbicycles.com/products/pearl-izumi-bib-liner-short
Pearl Izumi Canyon Short Sleeve Jersey | Contender Bicycles,https://contenderbicycles.com/products/pearl-izumi-canyon-short-sleeve-jersey
Pearl Izumi Cyclone Gel Glove | Contender Bicycles,https://contenderbicycles.com/products/pearl-izumi-cyclone-gel-glove
Pearl Izumi Elevate Short | Contender Bicycles,https://contenderbicycles.com/products/pearl-izumi-elevate-short
Pearl Izumi Elite Escape Interval Amfib Jacket | Contender Bicycles,https://contenderbicycles.com/products/pearl-izumi-elite-escape-interval-amfib-jacket
Pearl Izumi Elite Gel Full Finger Women's Glove | Contender Bicycles,https://contenderbicycles.com/products/pearl-izumi-elite-gel-full-finger-womens-glove
Pearl Izumi Elite Gel Glove | Contender Bicycles,https://contenderbicycles.com/products/pearl-izumi-elite-gel-glove
Pearl Izumi Men's Elite Sock | Contender Bicycles,https://contenderbicycles.com/products/pearl-izumi-elite-sock
Pearl Izumi Elite Softshell Gel Glove | Contender Bicycles,https://contenderbicycles.com/products/pearl-izumi-elite-softshell-gel-glove
Pearl Izumi Elite WXB Pant | Contender Bicycles,https://contenderbicycles.com/products/pearl-izumi-elite-wxb-pant
Pearl Izumi Escape Thermal Glove | Contender Bicycles,https://contenderbicycles.com/products/pearl-izumi-escape-thermal-glove
Pearl Izumi Flash Reflective Elite Sock | Contender Bicycles,https://contenderbicycles.com/products/pearl-izumi-flash-reflective-elite-sock
Pearl Izumi Interval Cargo Bib Short Black | Contender Bicycles,https://contenderbicycles.com/products/pearl-izumi-interval-cargo-bib-short-black
Pearl Izumi Interval Men's Bib Short | Contender Bicycles,https://contenderbicycles.com/products/pearl-izumi-interval-mens-bib-short
Pearl Izumi Junior MTB Glove | Contender Bicycles,https://contenderbicycles.com/products/pearl-izumi-junior-mtb-glove
Pearl Izumi Men's Cargo Bib Liner | Contender Bicycles,https://contenderbicycles.com/products/pearl-izumi-mens-cargo-bib-liner
Pearl Izumi Men's Cyclone Gel Glove | Contender Bicycles,https://contenderbicycles.com/products/pearl-izumi-mens-cyclone-gel-glove
Pearl Izumi Men's Elite Tall Sock | Contender Bicycles,https://contenderbicycles.com/products/pearl-izumi-mens-elite-tall-sock
Pearl Izumi Men's Interval Jersey | Contender Bicycles,https://contenderbicycles.com/products/pearl-izumi-mens-interval-jersey
Pearl Izumi Men's Interval Short | Contender Bicycles,https://contenderbicycles.com/products/pearl-izumi-mens-interval-short
Pearl Izumi Men's Performance Tee | Contender Bicycles,https://contenderbicycles.com/products/pearl-izumi-mens-performance-tee
Pearl Izumi Men's Pursuit Attack 3/4 Bib Tight | Contender Bicycles,https://contenderbicycles.com/products/pearl-izumi-mens-pursuit-attack-3-4-bib-tight
Pearl Izumi Men's Pursuit Thermal Cycling Bibs | Contender Bicycles,https://contenderbicycles.com/products/pearl-izumi-mens-pursuit-thermal-cycling-bib-tight
Pearl Izumi Men's Pursuit Thermal Tight | Contender Bicycles,https://contenderbicycles.com/products/pearl-izumi-mens-pursuit-thermal-tight
Pearl Izumi Men's Select Pursuit LS Jersey | Contender Bicycles,https://contenderbicycles.com/products/pearl-izumi-mens-select-pursuit-long-sleeve-jersey
Pearl Izumi Men's Transfer Cycling SS Base Layer | Contender Bicycles,https://contenderbicycles.com/products/pearl-izumi-mens-transfer-cycling-short-sleeve-base-layer
Pearl Izumi Merino Neck Gaiter Phantom | Contender Bicycles,https://contenderbicycles.com/products/pearl-izumi-merino-neck-gaiter
Pearl Izumi Merino Wool Hat | Contender Bicycles,https://contenderbicycles.com/products/pearl-izumi-merino-wool-hat
Pearl Izumi Merino Wool Sock | Contender Bicycles,https://contenderbicycles.com/products/pearl-izumi-merino-wool-sock
Pearl Izumi Merino Wool Tall Sock | Contender Bicycles,https://contenderbicycles.com/products/pearl-izumi-merino-wool-tall-sock
Pearl Izumi Pro Amfib Shell | Contender Bicycles,https://contenderbicycles.com/products/pearl-izumi-pro-amfib-shell
Pearl Izumi PRO AmFIB Super Glove | Contender Bicycles,https://contenderbicycles.com/products/pearl-izumi-pro-amfib-super-glove
Pearl Izumi Pro Barrier WXB MTB Shoe Cover | Contender Bicycles,https://contenderbicycles.com/products/pearl-izumi-pro-barrier-wxb-mtb-shoe-cover
Pearl Izumi Pro Barrier WXB Shoe Cover | Contender Bicycles,https://contenderbicycles.com/products/pearl-izumi-pro-barrier-wxb-shoe-cover
Pearl Izumi Pro Gel Glove | Contender Bicycles,https://contenderbicycles.com/products/pearl-izumi-pro-gel-glove
Pearl Izumi Pro Merino Thermal Jersey | Contender Bicycles,https://contenderbicycles.com/products/pearl-izumi-pro-merino-thermal-jersey
Pearl Izumi Prospect Tech Sweatshirt | Contender Bicycles,https://contenderbicycles.com/products/pearl-izumi-prospect-tech-sweatshirt
Pearl Izumi Rove Longsleeve Shirt | Contender Bicycles,https://contenderbicycles.com/products/pearl-izumi-rove-longsleeve-shirt
Pearl Izumi Summit Glove | Contender Bicycles,https://contenderbicycles.com/products/pearl-izumi-summit-glove
Pearl Izumi Summit Insulated Shirt | Contender Bicycles,https://contenderbicycles.com/products/pearl-izumi-summit-insulated-shirt
Pearl Izumi Summit Pant | Contender Bicycles,https://contenderbicycles.com/products/pearl-izumi-summit-pant
Pearl Izumi Summit Short | Contender Bicycles,https://contenderbicycles.com/products/pearl-izumi-summit-short
Pearl Izumi Summit Youth Knee Pad | Contender Bicycles,https://contenderbicycles.com/products/pearl-izumi-summit-youth-knee-pad
Pearl Izumi Symphony Women's Tank | Contender Bicycles,https://contenderbicycles.com/products/pearl-izumi-symphony-womens-tank
Pearl Izumi Thermal Cycling 3/4 Bib Tight | Contender Bicycles,https://contenderbicycles.com/products/pearl-izumi-thermal-cycling-3-4-bib-tight
Pearl Izumi Thermal Tight | Contender Bicycles,https://contenderbicycles.com/products/pearl-izumi-thermal-tight
Pearl Izumi Women's Attack Glove | Contender Bicycles,https://contenderbicycles.com/products/pearl-izumi-womens-attack-glove
Pearl Izumi Women's Attack Jersey | Contender Bicycles,https://contenderbicycles.com/products/pearl-izumi-womens-attack-jersey
Pearl Izumi Women's Attack Thermal Jersey | Contender Bicycles,https://contenderbicycles.com/products/pearl-izumi-womens-attack-thermal-jersey
Pearl Izumi Women's BioViz Barrier Jacket | Contender Bicycles,https://contenderbicycles.com/products/pearl-izumi-womens-bioviz-barrier-jacket
Pearl Izumi Women's Canyon Short | Contender Bicycles,https://contenderbicycles.com/products/pearl-izumi-womens-canyon-short
Pearl Izumi Women's Elite Escape AmFIB Tight | Contender Bicycles,https://contenderbicycles.com/products/pearl-izumi-womens-elite-escape-amfib-tight
Pearl Izumi Women's Elite Gel Glove | Contender Bicycles,https://contenderbicycles.com/products/pearl-izumi-womens-elite-gel-vent-glove
Pearl Izumi Women's Elite Sock | Contender Bicycles,https://contenderbicycles.com/products/pearl-izumi-womens-elite-sock
Pearl Izumi Women's Escape Softshell Glove | Contender Bicycles,https://contenderbicycles.com/products/pearl-izumi-womens-escape-softshell-glove
Pearl Izumi Escape Sugar Cycling 3/4 Tight | Contender Bicycles,https://contenderbicycles.com/products/pearl-izumi-womens-escape-sugar-cycling-3-4-tight
Pearl Izumi Escape Sugar Thermal Cycling Tight | Contender Bicycles,https://contenderbicycles.com/products/pearl-izumi-womens-escape-sugar-thermal-cycling-tight
Pearl Izumi Women's Escape Sugar Thermal Tight | Contender Bicycles,https://contenderbicycles.com/products/pearl-izumi-womens-escape-sugar-thermal-tight
Pearl Izumi Women's Escape Thermal Glove | Contender Bicycles,https://contenderbicycles.com/products/pearl-izumi-womens-escape-thermal-glove
Pearl Izumi Women's Merino Wool Sock | Contender Bicycles | Contender Bicycles,https://contenderbicycles.com/products/pearl-izumi-womens-merino-wool-sock
Pearl Izumi Women's Pro Gel Glove | Contender Bicycles,https://contenderbicycles.com/products/pearl-izumi-womens-pro-gel-glove
Pearl Izumi Women's Pro Merino Thermal Jersey | Contender Bicycles,https://contenderbicycles.com/products/pearl-izumi-womens-pro-merino-thermal-jersey
Pearl Izumi Women's Prospect Longsleeve Pullover | Contender Bicycles,https://contenderbicycles.com/products/pearl-izumi-womens-prospect-longsleeve-pullover
Pearl Izumi Quest Barrier Convertible Jacket | Contender Bicycles,https://contenderbicycles.com/products/pearl-izumi-womens-quest-barrier-convertible-jacket
Pearl Izumi Women's Rove Cargo Legging | Contender Bicycles,https://contenderbicycles.com/products/pearl-izumi-womens-rove-cargo-legging
Pearl Izumi Women's Sugar Crop | Contender Bicycles,https://contenderbicycles.com/products/pearl-izumi-womens-sugar-crop
Pearl Izumi Women's Sugar Thermal Crop | Contender Bicycles,https://contenderbicycles.com/products/pearl-izumi-womens-sugar-thermal-crop
Pearl Izumi Women's Sugar Thermal Cycling Tight | Contender Bicycles,https://contenderbicycles.com/products/pearl-izumi-womens-sugar-thermal-cycling-tight
Pearl Izumi Women's Sugar Thermal Tight | Contender Bicycles,https://contenderbicycles.com/products/pearl-izumi-womens-sugar-thermal-tight
Pearl Izumi Women's Summit Glove | Contender Bicycles,https://contenderbicycles.com/products/pearl-izumi-womens-summit-glove
Pearl Izumi Women's Summit Long Sleeve Jersey | Contender Bicycles,https://contenderbicycles.com/products/pearl-izumi-womens-summit-long-sleeve-jersey
Pearl Izumi Women's Summit Short | Contender Bicycles,https://contenderbicycles.com/products/pearl-izumi-womens-summit-short
Pearl Izumi Women's Sugar Thermal Cycling 3/4 Tight | Contender Bicycles,https://contenderbicycles.com/products/pearl-izumi-womens-thermal-cycling-34-tight
Pearl Izumi Women's Versa Long Sleeve Henley | Contender Bicycles,https://contenderbicycles.com/products/pearl-izumi-womens-versa-long-sleeve-henley
Pearl Izumi Women's Versa Short | Contender Bicycles,https://contenderbicycles.com/products/pearl-izumi-womens-versa-short
Pearl Izumi Women's Versa Short Sleeve Henley | Contender Bicycles,https://contenderbicycles.com/products/pearl-izumi-womens-versa-short-sleeve-henley
Pearl Izumi Zephrr Barrier Vest | Contender Bicycles,https://contenderbicycles.com/products/pearl-izumi-zephrr-barr-vest
POINT-TO-POINT GUIDED GRAVEL TOUR | Contender Bicycles,https://contenderbicycles.com/products/point-to-point-guided-gravel-tour
PRO BB-Remover Hollowtech II Black | Contender Bicycles,https://contenderbicycles.com/products/pro-bb-remover-hollowtech-ii-black
PRO Cable Cutter Black | Contender Bicycles,https://contenderbicycles.com/products/pro-cable-cutter-black
PRO Cassette Wrench for 10T/11T Sprocket | Contender Bicycles,https://contenderbicycles.com/products/pro-cassette-wrench-for-10t-11t-sprocket
PRO Discover Handlebar Carbon | Contender Bicycles,https://contenderbicycles.com/products/pro-discover-handlebar-carbon
PRO Discover Team Gravel Seatpost Bag 10 | Contender Bicycles,https://contenderbicycles.com/products/pro-discover-team-gravel-seatpost-bag-10-l
PRO Falcon Carbon Saddle | Contender Bicycles,https://contenderbicycles.com/products/pro-falcon-carbon-saddle
Pro Falcon Women's Saddle | Contender Bicycles,https://contenderbicycles.com/products/pro-falcon-womens-sadle
PRO Fine Adjustment Screwdriver Set of 4 | Contender Bicycles,https://contenderbicycles.com/products/pro-fine-adjustment-screwdriver-set-of-4
PRO Handlebar Endplug Black Anodized Alloy | Contender Bicycles,https://contenderbicycles.com/products/pro-handlebar-endplug-black-anodized-alloy
PRO Headset Wrench 32mm | Contender Bicycles,https://contenderbicycles.com/products/pro-headset-wrench-32mm
PRO Mini Torque Wrench - Fixed Settings 4/5/6 Nm | Contender Bicycles,https://contenderbicycles.com/products/pro-mini-torque-wrench-fixed-settings-4-5-6-nm
PRO Team Chainwhip | Contender Bicycles,https://contenderbicycles.com/products/pro-team-chainwhip
PRO Team Gravel Frame Bag 5.5 Liters | Contender Bicycles,https://contenderbicycles.com/products/pro-team-gravel-frame-bag-5-5-liters
PRO Torque Wrench | Contender Bicycles,https://contenderbicycles.com/products/pro-torque-wrench
PRO Turnix Carbon AF Saddle Black 152mm | Contender Bicycles,https://contenderbicycles.com/products/pro-turnix-carbon-af-saddle-black-152mm
Pro Turnix Performance AF | Contender Bicycles,https://contenderbicycles.com/products/pro-turnix-performance-af
"2021 Cannondale 29"" Scalpel Crb SE 2 Saber Orange | Contender Bicycles",https://contenderbicycles.com/products/products-cannondale-scalpel-carbon-se-2
Rapha 3/4 Bib Shorts | RAPHA | Contender Bicycles,https://contenderbicycles.com/products/rapha-3-4-bib-short
Rapha Brevet Gilet With Pockets | Contender Bicycles,https://contenderbicycles.com/products/rapha-brevet-gilet-with-pockets
Rapha Brevet Sock | Contender Bicycles,https://contenderbicycles.com/products/rapha-brevet-sock
Rapha Classic Flyweight Bib Short Regular | Contender Bicycles,https://contenderbicycles.com/products/rapha-classic-flyweight-bib-short-regular
Rapha Classic Long Sleeve Jersey II | Contender Bicycles,https://contenderbicycles.com/products/rapha-classic-long-sleeve-jersey-ii-1
Rapha Commuter Reflective T-Shirt | Contender Bicycles,https://contenderbicycles.com/products/rapha-commuter-reflective-t-shirt
Rapha Core Cargo Short | Contender Bicycles,https://contenderbicycles.com/products/rapha-core-cargo-short
Rapha Core Mitts | Contender Bicycles,https://contenderbicycles.com/products/rapha-core-mitts
Rapha Core Shorts | Contender Bicycles,https://contenderbicycles.com/products/rapha-core-shorts
Rapha Core Winter Jacket | Contender Bicycles,https://contenderbicycles.com/products/rapha-core-winter-jacket
Rapha Core Winter Tights With Pad | Contender Bicycles,https://contenderbicycles.com/products/rapha-core-winter-tights-with-pad
Rapha Explore Hooded GORE-TEX Pullover | Contender Bicycles,https://contenderbicycles.com/products/rapha-explore-hooded-gore-tex-pullover
Rapha Explore Lightweight Gilet | Contender Bicycles,https://contenderbicycles.com/products/rapha-explore-lightweight-gilet
Rapha Logo Hoodie | Contender Bicycles,https://contenderbicycles.com/products/rapha-logo-hoodie
Rapha Long Sleeve Technical Shirt | Contender Bicycles,https://contenderbicycles.com/products/rapha-long-sleeve-technical-shirt
Rapha Merino Hat Black | Contender Bicycles,https://contenderbicycles.com/products/rapha-merino-hat-black-1
Rapha Merino Liner | Contender Bicycles,https://contenderbicycles.com/products/rapha-merino-liner
Rapha Overshoes | Contender Bicycles,https://contenderbicycles.com/products/rapha-overshoes
Rapha Peaked Merino Hat Black | Contender Bicycles,https://contenderbicycles.com/products/rapha-peaked-merino-hat-black
Rapha Pro Team Base Layer Sleeveless | Contender Bicycles,https://contenderbicycles.com/products/rapha-pro-team-base-layer-sleeveless
Rapha Pro Team Insulated Jacket | Contender Bicycles,https://contenderbicycles.com/products/rapha-pro-team-insulated-jacket
Rapha Pro Team | Contender Bicycles,https://contenderbicycles.com/products/rapha-pro-team-jersey
Rapha Pro Team Leg Warmer | Contender Bicycles,https://contenderbicycles.com/products/rapha-pro-team-leg-warmer
Rapha Pro Team Lightweight Gilet | Contender Bicycles,https://contenderbicycles.com/products/rapha-pro-team-lightweight-gilet
Rapha Pro Team Long Sleeve Thermal Jersey | Contender Bicycles,https://contenderbicycles.com/products/rapha-pro-team-long-sleeve-thermal-jersey
Rapha Pro Team Mitts | Contender Bicycles,https://contenderbicycles.com/products/rapha-pro-team-mitts
Rapha Pro Team Overshoes | Contender Bicycles,https://contenderbicycles.com/products/rapha-pro-team-overshoes
Rapha Pro Team Training Bib Shorts | Contender Bicycles,https://contenderbicycles.com/products/rapha-pro-team-training-bib-shorts
Rapha Pro Team Training Jacket | Contender Bicycles,https://contenderbicycles.com/products/rapha-pro-team-training-jacket
Rapha Pro Team Winter Glove | Contender Bicycles,https://contenderbicycles.com/products/rapha-pro-team-winter-glove
Rapha Pro Team Winter Socks | Contender Bicycles,https://contenderbicycles.com/products/rapha-pro-team-winter-sock
Rapha Reflective Oversocks | Contender Bicycles,https://contenderbicycles.com/products/rapha-reflective-oversocks
Rapha Souplesse Mesh Base Layer Sleeveless | Contender Bicycles,https://contenderbicycles.com/products/rapha-souplesse-mesh-base-layer-sleeveless
Rapha Technical T-Shirt | Contender Bicycles,https://contenderbicycles.com/products/rapha-technical-t-shirt
Rapha Toe Cover | Contender Bicycles,https://contenderbicycles.com/products/rapha-toe-cover
Rapha Travel Backpack Reflective | Contender Bicycles,https://contenderbicycles.com/products/rapha-travel-backpack-reflective
Rapha Winter Collar | Contender Bicycles,https://contenderbicycles.com/products/rapha-winter-collar
Rapha Winter Glove | Contender Bicycles,https://contenderbicycles.com/products/rapha-winter-glove
Rapha Winter Jersey | Contender Bicycles,https://contenderbicycles.com/products/rapha-winter-jersey
Rapha Women's Brevet Gilet with Pockets | Contender Bicycles,https://contenderbicycles.com/products/rapha-womens-brevet-gilet-with-pockets
Rapha Women's Cargo Bib Short | Contender Bicycles,https://contenderbicycles.com/products/rapha-womens-cargo-bib-short
Rapha Women's Classic Flyweight Jersey | Contender Bicycles,https://contenderbicycles.com/products/rapha-womens-classic-flyweight-jersey
Rapha Women's Classic Long Sleeve Jersey | Contender Bicycles,https://contenderbicycles.com/products/rapha-womens-classic-long-sleeve-jersey
Rapha Women's Commuter Jacket | Contender Bicycles,https://contenderbicycles.com/products/rapha-womens-commuter-jacket
Rapha Women's Commuter Reflective T-Shirt | Contender Bicycles,https://contenderbicycles.com/products/rapha-womens-commuter-reflective-t-shirt
Rapha Women's Core Shorts | Contender Bicycles,https://contenderbicycles.com/products/rapha-womens-core-shorts
Rapha Women's Core Winter Tights With Pad | Contender Bicycles,https://contenderbicycles.com/products/rapha-womens-core-winter-tights-with-pad
Rapha Women's Pro Team Lightweight Gilet | Contender Bicycles,https://contenderbicycles.com/products/rapha-womens-pro-team-lightweight-gilet
Rapha Women's Pro Team Thermal Base Layer | RAPHA | Contender Bicycles,https://contenderbicycles.com/products/rapha-womens-pro-team-thermal-base-layer
Rapha Women's Pro Team Training Bib | Contender Bicycles,https://contenderbicycles.com/products/rapha-womens-pro-team-training-bib
Rapha Women's Pro Team Training Jersey | Contender Bicycles,https://contenderbicycles.com/products/rapha-womens-pro-team-training-jersey-1
Rapha Women's Randonnee | Contender Bicycles,https://contenderbicycles.com/products/rapha-womens-randonnee
Rapha Women's Souplesse Mesh Base Layer | Contender Bicycles,https://contenderbicycles.com/products/rapha-womens-souplesse-mesh-base-layer
Rene Herse Barlow Pass Standard Casing TC | Contender Bicycles,https://contenderbicycles.com/products/rene-herse-barlow-pass-standard-casing-tc-700c-x-38-tan-sidewall
Rene Herse Hurricane Ridge TC Endurance Casing | Contender Bicycles,https://contenderbicycles.com/products/rene-herse-hurricane-ridge-tc-endurance-casing-700-x-42-dark-tan
Ritchey Breakaway Carbon Outback | Contender Bicycles,https://contenderbicycles.com/products/ritchey-breakaway-carbon-outback
Ritchey Ultra Frameset | Contender Bicycles,https://contenderbicycles.com/products/ritchey-ultra-frameset
2022 Santa Cruz Heckler | Contender Bicycles,https://contenderbicycles.com/products/santa-cruz-heckler
Santa Cruz Stigmata Rear Derailleur Hanger | Contender Bicycles,https://contenderbicycles.com/products/santa-cruz-rear-derailleur-hanger-do-kit-stigmata-2
Santa Cruz Rear Derailleur Hanger (Do Kit XC2/LT2/TRC/NOM 2/TB1),https://contenderbicycles.com/products/santa-cruz-rear-derailleur-hanger-do-kit-xc2-lt2-trc-nom-2-tb1
2022 SCOTT Addict 20 | SCOTT Bikes | Contender Bicycles,https://contenderbicycles.com/products/scott-addict-20
2022 Scott Contessa 16 | SCOTT Bikes | Contender Bicycles,https://contenderbicycles.com/products/scott-contessa-16
2022 Scott Contessa 24 disc | SCOTT Bikes | Contender Bicycles,https://contenderbicycles.com/products/scott-contessa-24-disc-1
2022 Scott Contessa 24 Rigid | SCOTT Bikes | Contender Bicycles,https://contenderbicycles.com/products/scott-contessa-24-rigid
SCOTT Dropout ADDICT RC | Contender Bicycles,https://contenderbicycles.com/products/scott-dropout-addict-rc-20-277544
SCOTT Dropout Hanger Rightside | Contender Bicycles,https://contenderbicycles.com/products/scott-dropout-hanger-rightside-ids-2-142-rws12
2022 Scott Gravel 400 | SCOTT Bikes | Contender Bicycles,https://contenderbicycles.com/products/scott-gravel-400
Scott Groove Plus Helmet | Contender Bicycles,https://contenderbicycles.com/products/scott-groove-plus-helmet
Scott Hanger Speedster | Contender Bicycles,https://contenderbicycles.com/products/scott-hanger-speedster-18-266778
Scott Mens Trail Merino Graphic Jersey | Contender Bicycles,https://contenderbicycles.com/products/scott-men-s-trail-merino-graphic-jersey
Scott Men's MTB RC Shoe Sticki Rubber | Contender Bicycles,https://contenderbicycles.com/products/scott-mens-mtb-rc-shoe-sticki-rubber
Scott Mens Trail Jacket w/hd Grey Melange | Contender Bicycles,https://contenderbicycles.com/products/scott-mens-trail-jacket-w-hd-grey-melange
SCOTT Mountain Derailleur Hanger 242546 | Contender Bicycles,https://contenderbicycles.com/products/scott-mountain-derailleur-hanger-242546
Scott Mtb AR Kids Lace Shoe | Contender Bicycles,https://contenderbicycles.com/products/scott-mtb-ar-kids-lace-shoe
Scott MTB Comp Boa Lady Shoe | Contender Bicycles,https://contenderbicycles.com/products/scott-mtb-comp-boa-lady-shoe
Scott MTB SHR-SLP Shoe | Contender Bicycles,https://contenderbicycles.com/products/scott-mtb-shr-alp-rs-shoe
Scott Road Comp BOA Reflective Shoe | Contender Bicycles,https://contenderbicycles.com/products/scott-road-comp-boa-reflective-shoe
SCOTT Road Derailleur Hanger 206472 | Contender Bicycles,https://contenderbicycles.com/products/scott-road-derailleur-hanger-206472
SCOTT Road Derailleur Hanger 235286 | Contender Bicycles,https://contenderbicycles.com/products/scott-road-derailleur-hanger-235286
Scott Road Team Boa Shoe | Contender Bicycles,https://contenderbicycles.com/products/scott-road-team-boa-shoe
2022 SCOTT Roxter 16 | SCOTT Bikes | Contender Bicycles,https://contenderbicycles.com/products/scott-roxter-16
2022 SCOTT Roxter 26 Disc | SCOTT Bikes | Contender Bicycles,https://contenderbicycles.com/products/scott-roxter-26-disc
2022 SCOTT Scale 20 | SCOTT Bikes | Contender Bicycles,https://contenderbicycles.com/products/scott-scale-20
SCOTT Shield LS Sunglasses | Contender Bicycles,https://contenderbicycles.com/products/scott-shield-ls-sunglasses
Scott Shoe Road Comp Boa Lady | SCOTT Bikes | Contender Bicycles,https://contenderbicycles.com/products/scott-shoe-road-comp-boa-lady-1
SCOTT Sock Trail Fern Crew | Contender Bicycles,https://contenderbicycles.com/products/scott-sock-trail-fern-crew
Scott Soldier 2 Knee Guards | Contender Bicycles,https://contenderbicycles.com/products/scott-solider-2-knee-guards
Scott Spunto Junior Plus (CPSC) Helmet | Contender Bicycles,https://contenderbicycles.com/products/scott-spunto-junior-plus-helmet
Scott Spunto Kid (CPSC) Helmet | Contender Bicycles,https://contenderbicycles.com/products/scott-spunto-kid-cpsc-helmet
Scott Spunto Kid Helmet | Contender Bicycles | Contender Bicycles,https://contenderbicycles.com/products/scott-spunto-kid-helmet
Scott Stego Plus Helmet | Contender Bicycles,https://contenderbicycles.com/products/scott-stego-plus-helmet
Scott Traction LF Glove | Contender Bicycles | Contender Bicycles,https://contenderbicycles.com/products/scott-traction-lf-glove
SCOTT Trail Camo Crew Socks | Contender Bicycles | Contender Bicycles,https://contenderbicycles.com/products/scott-trail-camo-crew-socks
Scott Trail Flow Dri S/SL Shirt | Contender Bicycles,https://contenderbicycles.com/products/scott-trail-flow-dri-s-sl-shirt
Scott Trail MTN 40 Short Women's,https://contenderbicycles.com/products/scott-trail-mtn-40-short-womens
Scott Winter Stretch LF Glove | Contender Bicycles,https://contenderbicycles.com/products/scott-winter-stretch-lf-glove
Scott Women's Road Team Boa Shoe | Contender Bicycles,https://contenderbicycles.com/products/scott-womens-road-team-boa-shoe
Scott Womens Trail MTN Shorts | Contender Bicycles,https://contenderbicycles.com/products/scott-womens-trail-mtn-shorts
Service Appointment Deposit | Contender Bicycles,https://contenderbicycles.com/products/service-appointment-deposit
Shifter XX1 Eagle Trigger 12 speed Rear | Contender Bicycles,https://contenderbicycles.com/products/shifter-xx1-eagle-trigger-12-speed-rear
Shimano 105 5800 11-Speed Crankset | Contender Bicycles,https://contenderbicycles.com/products/shimano-105-5800-11-speed-crankset
Shimano 105 5800 11-Speed Double Braze-On | Contender Bicycles,https://contenderbicycles.com/products/shimano-105-5800-11-speed-double-braze-on
Shimano 105 5800 Front and Rear Caliper set | Contender Bicycles,https://contenderbicycles.com/products/shimano-105-5800-front-rear-caliper-set
Shimano 105/SLX HG601 11-Speed Chain | Contender Bicycles,https://contenderbicycles.com/products/shimano-105slx-hg601-11-speed-chain
Shimano 9000 OT-SP41 Derailleur Cable Set | Contender Bicycles,https://contenderbicycles.com/products/shimano-9000-ot-sp41-polymer-coated-derailleur-cable-set
Shimano B03S | Resin Pads with Spring | Contender Bicycles,https://contenderbicycles.com/products/shimano-b03s-resin-pads-with-spring
Shimano BC-9000 Polymer-Coated Brake Cable Set | Contender Bicycles,https://contenderbicycles.com/products/shimano-bc-9000-polymer-coated-brake-cable-set
Shimano CN-HG601 11-Speed Chain with Quick Link | Contender Bicycles,https://contenderbicycles.com/products/shimano-cn-hg601-11-speed-chain-with-quick-link
"Shimano Deore XT BL-M8100/BR-M8100 Disc Brake and Lever, Hydraulic, Po",https://contenderbicycles.com/products/shimano-deore-xt-bl-m8100-br-m8100
Shimano Di2 Charger | Contender Bicycles,https://contenderbicycles.com/products/shimano-di2-charger-with-cord-e-tube
Shimano Di2 E-tube Cockpit Junction Box | Contender Bicycles,https://contenderbicycles.com/products/shimano-di2-e-tube-sm-ew67-ae-cockpit-junction-box
Shimano Dura-Ace 9000 Front Derailleur Braze-On | Contender Bicycles,https://contenderbicycles.com/products/shimano-dura-ace-9000-front-derailleur-braze
Shimano Dura-Ace 9000 SLR Evo Brake Caliper Set | Contender Bicycles,https://contenderbicycles.com/products/shimano-dura-ace-9000-slr-evo-brake-caliper-set
Shimano Dura-Ace 9001 11-Speed STI Lever Set | Contender Bicycles,https://contenderbicycles.com/products/shimano-dura-ace-9001-11-speed-sti-lever-set
Shimano Dura-Ace Di2 Front Derailleur Braze On | Contender Bicycles,https://contenderbicycles.com/products/shimano-dura-ace-9070-di2-front-derailleur-braze-on
Shimano Dura-Ace 9100 STI Lever Set | Contender Bicycles,https://contenderbicycles.com/products/shimano-dura-ace-9100-11-speed-double-sti-lever-set
Shimano Dura-Ace Hollowtech II Bottom Bracket | Contender Bicycles,https://contenderbicycles.com/products/shimano-dura-ace-9100-bottom-bracket
Shimano Dura-Ace R9100 Rear Derailleur | Contender Bicycles,https://contenderbicycles.com/products/shimano-dura-ace-9100-rear-derailleur
Shimano Dura-Ace BR-R9100 Front Rim Brake Caliper | Contender Bicycles,https://contenderbicycles.com/products/shimano-dura-ace-br-r9100-front-rim-brake-caliper
Shimano Dura-Ace BR-R9100 Rear Rim Brake Caliper | Contender Bicycles,https://contenderbicycles.com/products/shimano-dura-ace-br-r9100-rear-rim-brake-caliper
Shimano Dura-Ace BS79 10-Speed Bar End Shifters | Contender Bicycles,https://contenderbicycles.com/products/shimano-dura-ace-bs79-doubletriple-10-speed-bar-end-shifters
Shimano Dura-Ace R9100 11-Speed Crankset | Contender Bicycles,https://contenderbicycles.com/products/shimano-dura-ace-r9100-11-speed-crankset
Shimano Dura-Ace R9100 Brake Caliper Set | Contender Bicycles,https://contenderbicycles.com/products/shimano-dura-ace-r9100-brake-caliper-set
Shimano Dura-Ace R9100 Front Derailleur | Contender Bicycles,https://contenderbicycles.com/products/shimano-dura-ace-r9100-front-derailleur
Shimano Dura-Ace Under Bottom Bracket Mount | Contender Bicycles,https://contenderbicycles.com/products/shimano-dura-ace-r9110-r-under-bottom-bracket-mount-rim-brake-caliper
Shimano Dura-Ace R950 Di2 11-Speed Braze-On | Contender Bicycles,https://contenderbicycles.com/products/shimano-dura-ace-r9150-di2-11-speed-braze-on-front-derailleur
Shimano Dura-Ace 11-Speed Di2 Rear Derailleur | Contender Bicycles,https://contenderbicycles.com/products/shimano-dura-ace-r9150-ss-11-speed-di2-short-cage-rear-derailleur
Shimano Dura-Ace ST-R9150 Di2 Double STI Lever | Contender Bicycles,https://contenderbicycles.com/products/shimano-dura-ace-st-r9150-di2-double-left-sti-lever
Shimano G03A Resin Brake Pad & Spring | Contender Bicycles,https://contenderbicycles.com/products/shimano-g03a-resin-brake-pad-spring
Shimano GM02 Di2 E-Tube Frame Grommets | Contender Bicycles,https://contenderbicycles.com/products/shimano-gm02-di2-e-tube-frame-grommets-7mm-x-8mm-oval-4-pcs
Shimano GRX FC-RX810-2 2x Gravel Crankset | Contender Bicycles,https://contenderbicycles.com/products/shimano-grx-fc-rx810-2
Shimano GRX 2 x 11 Braze-On Front Derailleur | Contender Bicycles,https://contenderbicycles.com/products/shimano-grx-fd-rx810-f-2-x-11-speed-braze-on-front-derailleur
Shimano GRX FD-RX810 Front Derailleur | Contender Bicycles,https://contenderbicycles.com/products/shimano-grx-fd-rx810-front-derailleur
Shimano GRX FD-RX815 Di2 Front Derailleur | Contender Bicycles,https://contenderbicycles.com/products/shimano-grx-fd-rx815-di2-front-derailleur
Shimano GRX RD-RX810 Rear Derailleur - 11-Speed | Contender Bicycles,https://contenderbicycles.com/products/shimano-grx-rd-rx810-rear-derailleur-2-x-11
Shimano FD-RX815 GRX Di2 Front Derailleur | Contender Bicycles,https://contenderbicycles.com/products/shimano-grx-rd-rx815-di2-rear-derailleur
Shimano IEWWU111A Di2 Wireless Transmitter Unitx | Contender Bicycles,https://contenderbicycles.com/products/shimano-iewwu111a-di2-wireless-transmitter-unit
Shimano J03A w/Fin Resin Brake Pad & Spring | Contender Bicycles,https://contenderbicycles.com/products/shimano-j03a-resin-brake-pad-spring-w-fin
Shimano K03S Resin Disc Brake Pad & Spring | Contender Bicycles,https://contenderbicycles.com/products/shimano-k03s-resin-disc-brake-pad-spring
Shimano K04S Metal Disc Brake Pads | Contender Bicycles,https://contenderbicycles.com/products/shimano-k04s-metal-disc-brake-pads
Shimano L02A Resin Disc Brake Pads | Contender Bicycles,https://contenderbicycles.com/products/shimano-l02a-resin-disc-brake-pads
Shimano L04C Metal Disc Brake Pads with Finx | Contender Bicycles,https://contenderbicycles.com/products/shimano-l04c-metal-disc-brake-pads-with-fin
Shimano M324 Clipless/Clip Pedals | Contender Bicycles,https://contenderbicycles.com/products/shimano-m324-clipless-clip-pedals
Shimano M6120 Deore Brakeset Left/Front | Contender Bicycles,https://contenderbicycles.com/products/shimano-m6120-deore-brakeset-left-front
Shimano PD-R8000 Ultegra SPD-SL Pedals | Contender Bicycles,https://contenderbicycles.com/products/shimano-pd-r8000-ultegra-spd-sl-4mm-longer-axle-pedals
Shimano PD-R9100 Dura Ace +4MM AXLE Pedals | Contender Bicycles,https://contenderbicycles.com/products/shimano-pd-r9100-dura-ace-4mm-axle-pedals
Shimano PD-R9100 Dura Ace Pedals | Contender Bicycles,https://contenderbicycles.com/products/shimano-pd-r9100-dura-ace-pedals
Shimano PD-T400 Click'r Pedal | Contender Bicycles,https://contenderbicycles.com/products/shimano-pd-t400-clickr-pedal
"Shimano Quick Link ,12SPD | Contender Bicycles",https://contenderbicycles.com/products/shimano-quick-link-12spd
Shimano R160D/D Disc Brake Adaptor | Contender Bicycles,https://contenderbicycles.com/products/shimano-r160d-disc-brake-adaptor
Shimano R550 SPD SL Grey Pedals | Contender Bicycles,https://contenderbicycles.com/products/shimano-r550-spd-sl-grey-pedals
Shimano R550 SPD SL Pedals | Contender Bicycles,https://contenderbicycles.com/products/shimano-r550-spd-sl-pedals
Shimano R55C4 Road Brake Pads Pair | Contender Bicycles,https://contenderbicycles.com/products/shimano-r55c4-road-brake-pads-pair
Shimano R785 Road and CX Di2 Hydraulic STI Lever | Contender Bicycles,https://contenderbicycles.com/products/shimano-r785-road-and-cx-di2-hydraulic-sti-lever-and-rs785-disc-brake-caliper-set-flat-mount
Shimano RS11 Wheelset - 700c Wheelset Rim Brake | Contender Bicycles,https://contenderbicycles.com/products/shimano-rs11-wheelset-700c-wheelset-20h-24h-rim-brake-black
Shimano S-PHYRE Bib Tights | Contender Bicycles,https://contenderbicycles.com/products/shimano-s-phyre-bib-tights
Shimano S-PHYRE Winter Gloves | Contender Bicycles,https://contenderbicycles.com/products/shimano-s-phyre-winter-gloves
Shimano SH-ME400 MTB Shoe | Contender Bicycles,https://contenderbicycles.com/products/shimano-sh-me400-mtb-shoe
Shimano SH-ME400 Women's MTB Shoe | Contender Bicycles,https://contenderbicycles.com/products/shimano-sh-me400-womens-mtb-shoe
Shimano SH-ME501 Mountain Shoes | Contender Bicycles,https://contenderbicycles.com/products/shimano-sh-me501-mountain-shoes
Shimano XC701 Mountain Shoes | Contender Bicycles,https://contenderbicycles.com/products/shimano-sh-xc701-mountain-shoe
Shimano SH-XC902 S-Phyre Shoe | Contender Bicycles,https://contenderbicycles.com/products/shimano-sh-xc902-s-phyre-shoe
Shimano SLX/Deore RT66M | Contender Bicycles,https://contenderbicycles.com/products/shimano-slx-deore-rt66m
Shimano SLX/Deore RT66S 160mm 6-bolt Rotor | Contender Bicycles,https://contenderbicycles.com/products/shimano-slx-deore-rt66s-160mm-6-bolt-rotor
Shimano SPD Pedal PD-EH500 | Contender Bicycles,https://contenderbicycles.com/products/shimano-spd-pedal-pd-eh500-w-cleat
Shimano Ultegra 6701 10 speed Chain | Contender Bicycles,https://contenderbicycles.com/products/shimano-ultegra-6701-10-speed-chain
Shimano Ultegra 6800 Rear Derailleur | Contender Bicycles,https://contenderbicycles.com/products/shimano-ultegra-6800-rear-derailleur
Shimano Ultegra BBR60 Hollowtech II Italian BB| Contender Bicycles,https://contenderbicycles.com/products/shimano-ultegra-bbr60-hollowtech-ii-italian-bottom-bracket
Shimano Ultegra R8000 11-Speed Double Lever Set | Contender Bicycles,https://contenderbicycles.com/products/shimano-ultegra-r8000-11-speed-double-lever-set-mechanical
Shimano Ultegra ST 6870 Di2 STI Lever Set | Contender Bicycles,https://contenderbicycles.com/products/shimano-ultegra-st-6870-di2-sti-lever-set
Shimano Ultegra/XT HG701 11-Speed Chain | Contender Bicycles,https://contenderbicycles.com/products/shimano-ultegra-xt-hg701-11-speed-chain
Shimano WH-RS500-TL-FR Rim Brake Wheelset | Contender Bicycles,https://contenderbicycles.com/products/shimano-wh-rs500-tl-fr-rim-brake-wheelset
Shimano Women's SH-RX800 Touring Shoe | Contender Bicycles,https://contenderbicycles.com/products/shimano-womens-sh-rx800-gravel-shoe
Shimano XC-502 Mountain Bike Shoe | Contender Bicycles,https://contenderbicycles.com/products/shimano-xc-502-shoe
Shimano XC-502 Women's Shoe | Contender Bicycles,https://contenderbicycles.com/products/shimano-xc-502-womens-shoe
Shimano XT M8050-GS Di2 11 Speed Rear Derailleur | Contender Bicycles,https://contenderbicycles.com/products/shimano-xt-m8050-gs-di2-11-speed-shadow-plus-rear-derailleur
Shimano XT RT86S 160mm 6-Bolt IceTech Disc Rotor | Contender Bicycles,https://contenderbicycles.com/products/shimano-xt-rt86s-160mm-6-bolt-icetech-disc-brake-rotor
Shimano XT/Ultegra HG93 9-Speed Chain | Contender Bicycles,https://contenderbicycles.com/products/shimano-xt-ultegra-hg93-9-speed-chain
Shimano XTR M9020 Trail Brakes w/Fin | Contender Bicycles,https://contenderbicycles.com/products/shimano-xtr-m9020-trail-brakes-wfin
Shimano XTR PD M9020 Pedals | Contender Bicycles,https://contenderbicycles.com/products/shimano-xtr-pd-m9020-pedals
Shimano ZEE M640 Shadow Plus Rear Derailleur | Contender Bicycles,https://contenderbicycles.com/products/shimano-zee-m640-shadow-plus-rear-derailleur
Skratch Labs Cookie Mix | Contender Bicycles,https://contenderbicycles.com/products/skratch-labs-cookie-mix
Skratch Labs Recovery Drink Mix Horchata Single | Contender Bicycles,https://contenderbicycles.com/products/skratch-labs-sport-recovery-drink-mix-horchada-single-serving-go-mix
Skratch Sport Crispy Rice Cake | Contender Bicycles,https://contenderbicycles.com/products/skratch-sport-crispy-rice-cake
Skratch Recovery Mix - Horchata / Single Serving | Contender Bicycles,https://contenderbicycles.com/products/skratch-sport-recovery-drink-mix-horchata-single-serving
Smith Flywheel Sunglasses,https://contenderbicycles.com/products/smith-flywheel-sunglasses
Smith Leadout PivLock Sunglasses,https://contenderbicycles.com/products/smith-leadout-pivlock-sunglasses
Smith Lowdown 2 Sunglasses | Contender Bicycles,https://contenderbicycles.com/products/smith-lowdown-2-chromapop-sunglasses
Smith Parallel Max 2 Sunglasses,https://contenderbicycles.com/products/smith-parallel-max-2-sunglasses
Smith Pinpoint | Contender Bicycles,https://contenderbicycles.com/products/smith-pinpoint
Smith Venture MIPS Helmet | Contender Bicycles,https://contenderbicycles.com/products/smith-venture-mips-helmet
Smith Wilder JR MIPS | Contender Bicycles,https://contenderbicycles.com/products/smith-wilder-jr-mips
Smith Zip JR MIPS | Contender Bicycles,https://contenderbicycles.com/products/smith-zip-jr-mips
SockGuy Scratch Low Cut | Contender Bicycles,https://contenderbicycles.com/products/sockguy-scratch-low-cut
Speedplay Cleats X Series Snap - Shim Cleats | Contender Bicycles,https://contenderbicycles.com/products/speedplay-cleats-x-series-snap-shim-cleats
Speedplay Zero Stainless Steel Pedals | Contender Bicycles,https://contenderbicycles.com/products/speedplay-zero-pave-stainless-steel-pedals
SRAM 10 Speed Chain PC 1091 | Contender Bicycles,https://contenderbicycles.com/products/sram-10-speed-chain-pc-1091
SRAM 40 Tooth 107mm Chainring | Contender Bicycles,https://contenderbicycles.com/products/sram-40-tooth-107mm-bcd-x-4-bolt-1x12-speed-x-sync-chainring-blast-black
"SRAM/Avid Code, Metallic Disc Brake Pad | Contender Bicycles",https://contenderbicycles.com/products/sram-avid-code-code-rsc-code-r-guide-re-metallic-disc-brake-pad-steel-back-pair
"SRAM/Avid Code c Disc Brake Pad, Steel Back | Contender Bicycles",https://contenderbicycles.com/products/sram-avid-code-code-rsc-code-r-guide-re-organic-disc-brake-pad-steel-back-pair
SRAM AXS PowerLock Link for 12-Speed Road Chains | Contender Bicycles,https://contenderbicycles.com/products/sram-axs-powerlock-link-for-12-speed-road-chains-silver
SRAM CenterLine 160mm 6-bolt Rotor w/Rounded Edge | Contender Bicycles,https://contenderbicycles.com/products/sram-centerline-160mm-6-bolt-rotor-with-rounded-edge
SRAM CenterLine 180mm 6-bolt Rotor w/Rounded Edge | Contender Bicycles,https://contenderbicycles.com/products/sram-centerline-180mm-6-bolt-rotor-with-rounded-edge
SRAM CenterLine X 2-Piece 160mm 6-bolt Rotor | Contender Bicycles,https://contenderbicycles.com/products/sram-centerline-2-piece-160mm-6-bolt-rotor-with-rounded-edge-ti-bolts
SRAM Centerline XR 2-pc 160mm Rotor | Contender Bicycles,https://contenderbicycles.com/products/sram-centerline-xr-2-piece-160mm-rounded-rotor-6-bolt
SRAM Disc Brake Pads - Organic Compound | Contender Bicycles,https://contenderbicycles.com/products/sram-disc-brake-pads-organic-compound-steel-backed-quiet-for-level-db-elixir-and-2-piece-road
SRAM DUB PressFit BB386 Bottom Bracket (Road) | Contender Bicycles,https://contenderbicycles.com/products/sram-dub-pressfit-bb386-bottom-bracket-road-46mm-x-86mm
SRAM Flat Mount Disc Caliper Bracket Stainless | Contender Bicycles,https://contenderbicycles.com/products/sram-flat-mount-disc-caliper-bracket-bolts-stainless-steel
SRAM Force 22 WiFli Medium Rear Derailleur | Contender Bicycles,https://contenderbicycles.com/products/sram-force-22-wifli-medium-rear-derailleur
SRAM Force eTap AXS Front Derailleur | Contender Bicycles,https://contenderbicycles.com/products/sram-force-etap-axs-front-derailleur
SRAM Force WiFLi Med Cage Rear Derailleur | Contender Bicycles,https://contenderbicycles.com/products/sram-force-wifli-med-cage-rear-derailleur
SRAM G2 Ultimate Disc Brake and Lever Hydraulic | Contender Bicycles,https://contenderbicycles.com/products/sram-g2-ultimate-disc-brake-and-lever-hydraulic-post-mount-gloss-black-with-rainbow-hardware-a1
SRAM Guide and Avid Trail Disc Brake Pads Steel | Contender Bicycles,https://contenderbicycles.com/products/sram-guide-and-avid-trail-disc-brake-pads-steel-backed-organic-compound
"SRAM GX Eagle Groupset - 175mm Boost Crankset, | Contender Bicycles",https://contenderbicycles.com/products/sram-gx-eagle-groupset
SRAM GX Eagle Groupset - 175mm Crankset | Contender Bicycles,https://contenderbicycles.com/products/sram-gx-eagle-groupset-1
"SRAM GX Eagle Rear Derailleur 12-Speed, Long Cage | Contender Bicycles",https://contenderbicycles.com/products/sram-gx-eagle-rear-derailleur-12-speed-long-cage-52t-max-lunar
SRAM GX Trigger Shifter 10-Speed Rear | Contender Bicycles,https://contenderbicycles.com/products/sram-gx-trigger-shifter-10-speed-rear-black
SRAM NX Eagle 12-Speed Chain 126 Links PowerLock | Contender Bicycles,https://contenderbicycles.com/products/sram-nx-eagle-12-speed-chain-126-links-with-powerlock-gray
SRAM PC 1 Chain Black | Contender Bicycles,https://contenderbicycles.com/products/sram-pc-1-chain
SRAM PC-1071 10 speed Chain w/PowerLock 114 links | Contender Bicycles,https://contenderbicycles.com/products/sram-pc-1071-10-speed-chain-wpowerlock-114-links
"SRAM PC-1170 11-Speed Chain, 114 Links | Contender Bicycles",https://contenderbicycles.com/products/sram-pc-1170-11-speed-chain
"SRAM PC-1170 11-Speed Chain, 114 links | Contender Bicycles",https://contenderbicycles.com/products/sram-pc-1170-11-speed-chain-114-links-1
"SRAM PC-870 6,7,8 speed Chain Silver w/Powerlink | Contender Bicycles",https://contenderbicycles.com/products/sram-pc-870-6-7-8-speed-chain-silver-with-powerlink
SRAM PC-951 9 speed Gray Chain with Powerlink | Contender Bicycles,https://contenderbicycles.com/products/sram-pc-951-9-speed-gray-chain-with-powerlink
SRAM PC-991 9 speed Silver Chain with Powerlink | Contender Bicycles,https://contenderbicycles.com/products/sram-pc-991-9-speed-silver-chain-with-powerlink
SRAM PG-1030 10 Speed Cassette | Contender Bicycles,https://contenderbicycles.com/products/sram-pg-1030-10-speed-cassette
SRAM Red 11-Speed Hollow-pin Chain with PowerLock | Contender Bicycles,https://contenderbicycles.com/products/sram-red-11-speed-hollow-pin-chain-with-powerlock
SRAM Red AeroLink Brakeset | Contender Bicycles,https://contenderbicycles.com/products/sram-red-aerolink-brakeset
SRAM Red AXS 1x Power Meter Crankset | Contender Bicycles,https://contenderbicycles.com/products/sram-red-axs-1x-power-meter-crankset
SRAM Red AXS Power Meter Spider | Contender Bicycles,https://contenderbicycles.com/products/sram-red-axs-power-meter-spider
SRAM Red AXS Power Meter Spider 107BCD | Contender Bicycles,https://contenderbicycles.com/products/sram-red-axs-power-meter-spider-107bcd
SRAM RED eTap AXS 1x Hydraulic Disc Aero Group | Contender Bicycles,https://contenderbicycles.com/products/sram-red-etap-axs-1x-hydraulic-disc-aero-group
SRAM RED eTap AXS 1x Hydraulic Disc Aero Group | Contender Bicycles,https://contenderbicycles.com/products/sram-red-etap-axs-1x-hydraulic-disc-aero-group-with-power
SRAM RED eTap AXS 1x Hydraulic Disc Group | Contender Bicycles,https://contenderbicycles.com/products/sram-red-etap-axs-1x-hydraulic-disc-group
SRAM RED eTap AXS 1x Hydraulic Disc Group | Contender Bicycles,https://contenderbicycles.com/products/sram-red-etap-axs-1x-hydraulic-disc-group-with-power
SRAM RED eTap AXS 1x Rim Brake Aero Group | Contender Bicycles,https://contenderbicycles.com/products/sram-red-etap-axs-1x-rim-brake-aero-group
SRAM RED eTap AXS 1x Rim Brake Aero Group | Contender Bicycles,https://contenderbicycles.com/products/sram-red-etap-axs-1x-rim-brake-aero-group-with-power
SRAM RED eTap AXS 2x Rim Brake Group | Contender Bicycles,https://contenderbicycles.com/products/sram-red-etap-axs-2x-rim-brake-group
SRAM RED eTap AXS 2x Rim Brake Group with Power | Contender Bicycles,https://contenderbicycles.com/products/sram-red-etap-axs-2x-rim-brake-group-with-power
SRAM Red eTap AXS Hydraulic Disc Brake/Shifter | Contender Bicycles,https://contenderbicycles.com/products/sram-red-etap-axs-d1-road-hydraulic-righ-disc-brake-shifter-with-flat-mount-caliper
SRAM RED eTap Rear Derailleur 11-Speed Short Cage | Contender Bicycles,https://contenderbicycles.com/products/sram-red-etap-rear-derailleur-11-speed-short-cage-black-a2
SRAM Red eTap Short Cage Rear Derailleur | Contender Bicycles,https://contenderbicycles.com/products/sram-red-etap-short-cage-rear-derailleur-a1
SRAM Rival AXS Left Arm with Power Meter | Contender Bicycles,https://contenderbicycles.com/products/sram-rival-axs-left-arm-power-meter
SRAM Rival DoubleTap Shift/Brake Lever Set | Contender Bicycles,https://contenderbicycles.com/products/sram-rival-doubletap-shiftbrake-lever-set-10-speed
SRAM Rival Rear Medium Cage WiFli Derailleur | Contender Bicycles,https://contenderbicycles.com/products/sram-rival-rear-medium-cage-wifli-derailleur-black
SRAM/Truvativ GXP BB86 Road Bottom Bracket | Contender Bicycles,https://contenderbicycles.com/products/sram-truvativ-gxp-bb86-road-stainless-steel-bottom-bracket-road
SRAM Universal Derailleur Hanger | Contender Bicycles,https://contenderbicycles.com/products/sram-universal-derailleur-hanger
SRAM X1 11-Speed X-Horizon Type 2.1 Derailluer | Contender Bicycles,https://contenderbicycles.com/products/sram-x1-11-speed-x-horizon-type-2-1-derailleur
Sram X7 2x10 Speed Shifter Set | Contender Bicycles,https://contenderbicycles.com/products/sram-x7-2x10-speed-shifter-set
SRAM XX1 11 Speed Chain 118 links | Contender Bicycles,https://contenderbicycles.com/products/sram-xx1-11-speed-chain-118-links
SRAM XX1 Eagle 12-Speed Rear Derailleur | Contender Bicycles,https://contenderbicycles.com/products/sram-xx1-eagle-12-speed-rear-derailleur
SRAM XX1 Eagle Trigger Shifter | Contender Bicycles,https://contenderbicycles.com/products/sram-xx1-eagle-trigger-shifter
Supacaz Super Sticky Kush Galaxy Tape Oil Slick | Contender Bicycles,https://contenderbicycles.com/products/supacaz-super-sticky-kush-galaxy-handlebar-tape-oil-slick-print
Syncros 12x148 thru axle for Spark RC | Contender Bicycles,https://contenderbicycles.com/products/syncros-12x148-thru-axle-for-spark-rc-17-21-277032
Syncros Digital Shock Pump SP1.0 | Contender Bicycles,https://contenderbicycles.com/products/syncros-digital-shock-pump-sp1-0
Syncros Greenslide 11CT Multi-tool Black | Contender Bicycles,https://contenderbicycles.com/products/syncros-greenslide-11ct-multi-tool-black
Tifosi Elder | Contender Bicycles,https://contenderbicycles.com/products/tifosi-elder
Tifosi Podium XC Sunglasses | Contender Bicycles,https://contenderbicycles.com/products/tifosi-podium-xc-sunglasses
Tifosi Shwae | Contender Bicycles,https://contenderbicycles.com/products/tifosi-shwae
Tifosi Smoove Sunglasses | Contender Bicycles,https://contenderbicycles.com/products/tifosi-smoove-sunglasses
Tifosi Swick Fototec Lens Sunglasses | Contender Bicycles,https://contenderbicycles.com/products/tifosi-swick-fototec-lens-sunglasses
Tifosi Veloce Sunglasses | Contender Bicycles,https://contenderbicycles.com/products/tifosi-veloce-sunglasses
Time XPRO 12 Pedals | TIME Bikes | Contender Bicycles,https://contenderbicycles.com/products/time-xpro-12-pedals
