2021 Santa Cruz V10 7 CC DH S | Contender Bicycles,https://contenderbicycles.com/products/2021-santa-cruz-v10-7-cc-dh-s
2022 Orbea OIZ M Team TR | ORBEA Bikes | Contender Bicycles,https://contenderbicycles.com/products/2022-orbea-oiz-m-team-tr
3T Aeronova Team Stealth Handlebar | Contender Bicycles,https://contenderbicycles.com/products/3t-aeronova-team-stealth-handlebar
3T Exploro Max Eagle AXS 1x | 3T Bikes | Contender Bicycles,https://contenderbicycles.com/products/3t-exploro-max-eagle-axs-1x
3T Exploro Max GRX 2x | 3T Bikes | Contender Bicycles,https://contenderbicycles.com/products/3t-exploro-max-grx-2x
3T Exploro PRO GRX 2X | 3T Bikes | Contender Bicycles,https://contenderbicycles.com/products/3t-exploro-pro-grx-2x
3T Exploro RaceMax Force AXS 2X | 3T Bikes | Contender Bicycles,https://contenderbicycles.com/products/3t-exploro-racemax-force-axs-2x
3T Exploro Team Speed Force1 | 3T Bikes | Contender Bicycles,https://contenderbicycles.com/products/3t-exploro-team-force
3T Strada Concept3 Red eTap / Chris King | Contender Bicycles,https://contenderbicycles.com/products/3t-strada-concept3-red-etap-chris-king
3T Strada Schleck Special Edition | 3T Bikes | Contender Bicycles,https://contenderbicycles.com/products/3t-strada-schleck-special-edition
Arundel Gordo Saddle Bag | Contender Bicycles,https://contenderbicycles.com/products/arundel-gordo-saddle-bag
Arundel Handlebar Czar Bag | Contender Bicycles,https://contenderbicycles.com/products/arundel-handlebar-czar-bag
Arundel Isabell Bell | Contender Bicycles,https://contenderbicycles.com/products/arundel-isabell-bell
Arundel Jezebell Brass Bell | Contender Bicycles,https://contenderbicycles.com/products/arundel-jezebell-brass-bell
Assos ASSOSOIRES Spring/Fall Gloves | Contender Bicycles,https://contenderbicycles.com/products/assos-assosoires-spring-fall-gloves
Assos bonkaGloves_evo7 | Contender Bicycles,https://contenderbicycles.com/products/assos-bonkagloves_evo7
Assos Mille GT Bib Shorts | Contender Bicycles,https://contenderbicycles.com/products/assos-mille-gt-bib-shorts
Assos MILLE GT Spring/Fall Knickers | Contender Bicycles,https://contenderbicycles.com/products/assos-mille-gt-spring-fall-knickers
Assos Skin Repair Gel | Contender Bicycles,https://contenderbicycles.com/products/assos-skin-repair-gel
Assos Women's Chamois Creme | Contender Bicycles,https://contenderbicycles.com/products/assos-womens-chamois-creme
Blackburn Big Switch Mini Tool | Contender Bicycles,https://contenderbicycles.com/products/blackburn-big-switch-mini-tool
Blackburn Central 50 Rear Light | Contender Bicycles,https://contenderbicycles.com/products/blackburn-central-50-rear-light
Blackburn Dayblazer 400 Front and Click USB Rear | Contender Bicycles,https://contenderbicycles.com/products/blackburn-dayblazer-400-and-click-rear
Blackburn Dayblazer 400 Front/65 Rear Light Combo | Contender Bicycles,https://contenderbicycles.com/products/blackburn-dayblazer-400-front-65-rear-light-combo-black
Blackburn Dayblazer 400 Front | Contender Bicycles,https://contenderbicycles.com/products/blackburn-dayblazer-400-front-light
Blackburn Local U Lock Compact + 4' Cable Set | Contender Bicycles,https://contenderbicycles.com/products/blackburn-local-u-lock-compact-4-cable-set
Blackburn Mammoth Anyvalve Mini Pump Black | Contender Bicycles,https://contenderbicycles.com/products/blackburn-mammoth-anyvalve-mini-pump-black
Blackburn MAMMOTH CO2FER MINI PUMP | Contender Bicycles,https://contenderbicycles.com/products/blackburn-mammoth-co2fer-mini-pump
Blackburn Mammoth pump frame mount | Contender Bicycles,https://contenderbicycles.com/products/blackburn-mammoth-pump-frame-mount
Blackburn Outpost Seat Pack & Dry Bag | Contender Bicycles,https://contenderbicycles.com/products/blackburn-outpost-seat-pack-dry-bag
Blackburn Piston 1 Floor Pump | Contender Bicycles,https://contenderbicycles.com/products/blackburn-piston-1-floor-pump
Blackburn Piston 4 Floor Pump Silver | Contender Bicycles,https://contenderbicycles.com/products/blackburn-piston-4-floor-pump-silver
Blackburn Pro Plugger | Contender Bicycles,https://contenderbicycles.com/products/blackburn-pro-plugger
Blackburn Switch Wrap Multi Tool | Contender Bicycles,https://contenderbicycles.com/products/blackburn-switch-wrap-multi-tool
BMC Teammachine SLR01 DISC MOD Frameset | Contender Bicycles,https://contenderbicycles.com/products/bmc-teammachine-slr01-disc-mod-frameset
Bold Unplugged Vol 1 | Contender Bicycles,https://contenderbicycles.com/products/bold-unplugged-vol-1
CADEX 42 Disc Tubular Wheelset | Contender Bicycles,https://contenderbicycles.com/products/cadex-42-disc-tubular-wheelset
CADEX 42 Tubeless Wheelset | Contender Bicycles,https://contenderbicycles.com/products/cadex-42-tubeless-wheelset
CADEX 42 Tubular Wheelset | Contender Bicycles,https://contenderbicycles.com/products/cadex-42-tubular-wheelset
CADEX 65 Disc Tubular Wheelset | Contender Bicycles,https://contenderbicycles.com/products/cadex-65-disc-tubular-wheelset
CADEX 65 Tubeless Wheelset | Contender Bicycles,https://contenderbicycles.com/products/cadex-65-tubeless-wheelset
CADEX 65 Tubular Wheelset | Contender Bicycles,https://contenderbicycles.com/products/cadex-65-tubular-wheelset
CamelBak Big Bite Valve | Contender Bicycles,https://contenderbicycles.com/products/camelbak-big-bite-valve
Camelbak Crux Hydration Pack Reservoir: 50oz | Contender Bicycles,https://contenderbicycles.com/products/camelbak-crux-hydration-pack-reservoir-50oz
CamelBak Crux Reservoir | Contender Bicycles,https://contenderbicycles.com/products/camelbak-crux-resevoir
Camelbak Lobo 100 oz Hydration Pack | Contender Bicycles,https://contenderbicycles.com/products/camelbak-lobo-100-oz-hydration-pack
CamelBak Palos LR 4 50 oz | Contender Bicycles,https://contenderbicycles.com/products/camelbak-palos-lr-4-50-oz
CamelBak Ratchet 100 oz | Contender Bicycles,https://contenderbicycles.com/products/camelbak-ratchet-100-oz
Camelbak Rogue 70oz | Contender Bicycles,https://contenderbicycles.com/products/camelbak-rogue-70oz
Campagnolo Chorus 11-Speed Cassette | Contender Bicycles,https://contenderbicycles.com/products/campagnolo-chorus-11-speed-cassette
Campagnolo Ultra Low Friction Cable and Housing | Contender Bicycles,https://contenderbicycles.com/products/campagnolo-ultra-low-friction-brake-derailleur-cable-and-housing-set
Clement LAS Tubular Tire 700x33 Black | Contender Bicycles,https://contenderbicycles.com/products/clement-las-tubular-tire-700-x-33c-black
Contender Barn T-Shirt Vintage Black | Contender Bicycles,https://contenderbicycles.com/products/contender-barn-t-shirt-vintage-black
Contender Barn T-Shirt Vintage Navy | Contender Bicycles,https://contenderbicycles.com/products/contender-barn-t-shirt-vintage-navy
Contender Bicycles Podium Water Bottle 24oz | Contender Bicycles,https://contenderbicycles.com/products/contender-bicycles-podium-water-bottle
Contender Carbon Flippable Side Entry Bottle Cage | Contender Bicycles,https://contenderbicycles.com/products/contender-carbon-flippable-side-entry-bottle-cage-weave
Contender PC SLC T-Shirt | Contender Bicycles,https://contenderbicycles.com/products/contender-pc-slc-t-shirt
Contender Pine 3/4 MTB Jersey | Contender Bicycles,https://contenderbicycles.com/products/contender-pine-3-4-mtb-jersey
Contender Pine Long Sleeve Jersey | Contender Bicycles,https://contenderbicycles.com/products/contender-pine-long-sleeve-jersey
Contender Resin Bottle Cage | Contender Bicycles,https://contenderbicycles.com/products/contender-resin-bottle-cage
Contender Scandia Blue Long Sleeve Jersey | Contender Bicycles,https://contenderbicycles.com/products/contender-scandia-blue-long-sleeve-jersey
Continental Rim Cement 25g Tube | Contender Bicycles,https://contenderbicycles.com/products/continental-rim-cement-25g-tube
Crank Brothers Candy 3 Pedals | Contender Bicycles,https://contenderbicycles.com/products/crank-brothers-candy-3
Crank Brothers Egg Beater 11 | Contender Bicycles,https://contenderbicycles.com/products/crank-brothers-egg-beater-11-pedals
Crank Brothers Mallet Enduro Long Spindle Pedals,https://contenderbicycles.com/products/crank-brothers-mallet-enduro-long-spindle-pedals-silver-black
Crank Brothers Mallet Enduro Pedals | Contender Bicycles,https://contenderbicycles.com/products/crank-brothers-mallet-enduro-pedals
Crankbrothers Stamp 2 Small | Contender Bicycles,https://contenderbicycles.com/products/crank-brothers-stamp-2-small
Crankbrothers Candy 11 | Contender Bicycles,https://contenderbicycles.com/products/crankbrothers-candy-11
Crankbrothers Candy 2 | Contender Bicycles,https://contenderbicycles.com/products/crankbrothers-candy-2
Crank Brothers Candy 7 Pedals | Contender Bicycles,https://contenderbicycles.com/products/crankbrothers-candy-7
Crank Brothers Pedals Eggbeater 1 | Contender Bicycles,https://contenderbicycles.com/products/crankbrothers-egg-beater-1
Crankbrothers Eggbeater 2 | Contender Bicycles,https://contenderbicycles.com/products/crankbrothers-egg-beater-2
CRANKBROTHERS STAMP 2 LARGE | Contender Bicycles,https://contenderbicycles.com/products/crankbrothers-stamp-2-large
Easton Bar Tape Microfiber | Contender Bicycles,https://contenderbicycles.com/products/easton-bar-tape-microfiber
ENVE Aero Road Stem Computer Mount | Contender Bicycles,https://contenderbicycles.com/products/enve-aero-road-stem-computer-mount
Enve Air Pressure Station | Contender Bicycles,https://contenderbicycles.com/products/enve-air-pressure-station
ENVE Composites All-Road Flat-Mount Disc Fork | Contender Bicycles,https://contenderbicycles.com/products/enve-all-road-disc-fork
ENVE Alloy Computer Mount | Contender Bicycles,https://contenderbicycles.com/products/enve-alloy-computer-mount
Enve Alloy Road Hub | Contender Bicycles,https://contenderbicycles.com/products/enve-alloy-road-hub
ENVE Carbon Hubset 20H/24H | Contender Bicycles,https://contenderbicycles.com/products/enve-carbon-hubset-20h-24h
ENVE Carbon MTN Stem | Contender Bicycles,https://contenderbicycles.com/products/enve-carbon-mtn-stem
Enve Carbon Road Hub | Contender Bicycles,https://contenderbicycles.com/products/enve-carbon-road-hub
ENVE Fat Fork | Contender Bicycles,https://contenderbicycles.com/products/enve-fat-fork
Enve G Series Gravel Fork | Contender Bicycles,https://contenderbicycles.com/products/enve-gravel-fork
Enve M640 Wheelset | Contender Bicycles,https://contenderbicycles.com/products/enve-m640-wheelset
ENVE M735E Wheelset | Contender Bicycles,https://contenderbicycles.com/products/enve-m735e-wheelset
ENVE M930 Wheelset | Contender Bicycles,https://contenderbicycles.com/products/enve-m930-wheelset
Enve Mountain Fork | Contender Bicycles,https://contenderbicycles.com/products/enve-mountain-fork
ENVE Carbon Fiber MTN Riser Bar 740mm | Contender Bicycles,https://contenderbicycles.com/products/enve-riser-mountain-handlebar
ENVE Carbon Fiber Bar Clip-On Extensions | Contender Bicycles,https://contenderbicycles.com/products/enve-road-bar-clip-on-extensions
Enve Road Fork Rim Brake | Contender Bicycles,https://contenderbicycles.com/products/enve-road-fork-rim-brake
Enve SES 2.2 Wheelset | Contender Bicycles,https://contenderbicycles.com/products/enve-ses-2-2-wheelset
Enve SES 5.6 Wheelset | Contender Bicycles,https://contenderbicycles.com/products/enve-ses-5-6-wheelset
Enve SES 7.8 Disc Wheelset | Contender Bicycles,https://contenderbicycles.com/products/enve-ses-7-8-disc-wheelset
Enve SES 7.8 Disc Wheelset | Contender Bicycles,https://contenderbicycles.com/products/enve-ses-7-8-wheelset
"ENVE Sweep V2 Mtn Handlebar, 760mm Black | Contender Bicycles",https://contenderbicycles.com/products/enve-sweep-v2-mtn-handlebar-760mm-black
Ergon GS1 Grips | Contender Bicycles,https://contenderbicycles.com/products/ergon-gs1-grips
e*thirteen TRS Plus 11 speed 9-44t Cassette | Contender Bicycles,https://contenderbicycles.com/products/ethirteen-trs-plus-11-speed-9-44t-cassette-for-xd-driver-freehubs-black
e*thirteen TRS plus 11-speed 9-46t Cassette | Contender Bicycles,https://contenderbicycles.com/products/ethirteen-trs-plus-11-speed-9-46t-cassette-for-xd-driver-freehubs-black
EVOC CC 2L + 2L Bladder Hydration Bag | Contender Bicycles,https://contenderbicycles.com/products/evoc-cc-2l-2l-bladder-hydration-bag
EVOC Hip Pack Hydration Bladder 1.5 Liter | Contender Bicycles,https://contenderbicycles.com/products/evoc-hip-pack-hydration-bladder-1-5-liter
EVOC Hip Pack Pro 3L | Contender Bicycles,https://contenderbicycles.com/products/evoc-hip-pack-pro-3l
"EVOC, Hip Pack Pro, Hydration Bag, Volume 3L | Contender Bicycles",https://contenderbicycles.com/products/evoc-hip-pack-pro-hydration-bag-volume-3l-bladder-not-included
EVOC Hip Pack Race 3L | Contender Bicycles,https://contenderbicycles.com/products/evoc-hip-pack-race-3l
EVOC Hydration Bladder | Contender Bicycles,https://contenderbicycles.com/products/evoc-hydration-bladder
EVOC Hydration Bladder Hydration Bag Volume 1.5L | Contender Bicycles,https://contenderbicycles.com/products/evoc-hydration-bladder-hydration-bag-volume-1-5l
EVOC Seat Bag Tour L Seat Bag 1L Grey | Contender Bicycles,https://contenderbicycles.com/products/evoc-seat-bag-tour-l-seat-bag-1l-grey
EVOC Stage 3L Technical Performance + 2L Backpack | Contender Bicycles,https://contenderbicycles.com/products/evoc-stage-3l-technical-performance-2l-backpack
EVOC Tailgate Pad Duo Fits all trucks Black | Contender Bicycles,https://contenderbicycles.com/products/evoc-tailgate-pad-duo-fits-all-trucks-black
FABRIC Chamber Fixed Multi-tool Black | Contender Bicycles,https://contenderbicycles.com/products/fabric-chamber-ratchet-multi-tool-black
Fabric Ergo Lock On Grips | Contender Bicycles,https://contenderbicycles.com/products/fabric-ergo-lock-on-grips
Fabric Line Race Team Shallow | Contender Bicycles,https://contenderbicycles.com/products/fabric-line-race-team-shallow
Fabric Silicon Lock On Grips | Contender Bicycles,https://contenderbicycles.com/products/fabric-silicon-lock-on-grips
Favero Assioma Duo Power Meter Pedals | Contender Bicycles,https://contenderbicycles.com/products/favero-assioma-duo-power-meter-pedals
Feedback Fixed 3-Way Hex Wrench | Contender Bicycles,https://contenderbicycles.com/products/feedback-fixed-3-way-hex-wrench
Feedback Spoke Wrench | Contender Bicycles,https://contenderbicycles.com/products/feedback-spoke-wrench
FeedBack Sports RAKK Bicycle Stand | Contender Bicycles,https://contenderbicycles.com/products/feedback-sports-rakk-bicycle-stand
Finish Line 1-Step Cleaner and Lubricant | Contender Bicycles,https://contenderbicycles.com/products/finish-line-1-step-cleaner-and-lubricant
"Finish Line Tubeless Tire Sealant, 8oz | Contender Bicycles",https://contenderbicycles.com/products/finish-line-tubeless-tire-sealant-8oz
Fizik Aliante R3 Saddle Kium rails,https://contenderbicycles.com/products/fizik-aliante-r3-saddle-kium-rails
Fizik Antares R7 Saddle Manganese Rails | Contender Bicycles,https://contenderbicycles.com/products/fizik-antares-r7-saddle-manganese-rails
FIZIK Arione R5 Saddle k:ium Rails | Contender Bicycles,https://contenderbicycles.com/products/fizik-arione-r5-saddle-k-ium-rails
Fizik Cyrano R5 Stem | Contender Bicycles,https://contenderbicycles.com/products/fizik-cyrano-r5-stem
Fizik Performance Classic Touch Bar Tape 3mm | Contender Bicycles,https://contenderbicycles.com/products/fizik-performance-classic-touch-bar-tape-3mm
Fizik Performance Soft Touch Bar Tape 3mm | Contender Bicycles,https://contenderbicycles.com/products/fizik-performance-soft-touch-bar-tape-3mm
Fizik Performance Tacky Touch Bar Tape | Contender Bicycles,https://contenderbicycles.com/products/fizik-performance-tacky-touch-bar-tape
Fizik R3 Open Saddle | Contender Bicycles,https://contenderbicycles.com/products/fizik-r3-open-saddle
Fizik Superlight Tacky Touch Bar Tape | Contender Bicycles,https://contenderbicycles.com/products/fizik-superlight-tacky-touch-bar-tape
Fizik Tempo Argo R1 Saddle | Contender Bicycles,https://contenderbicycles.com/products/fizik-tempo-argo-r1-saddle
Garmin Edge 1030 GPS Cycling Computer Bundle | Contender Bicycles,https://contenderbicycles.com/products/garmin-edge-1030-gps-cycling-computer-bundle
Garmin Edge 130 GPS Cycling Computer | Contender Bicycles,https://contenderbicycles.com/products/garmin-edge-130-gps-cycling-computer
Garmin Edge 130 Mountain Bike Bundle | Contender Bicycles,https://contenderbicycles.com/products/garmin-edge-130-mountain-bike-bundle
Garmin Edge 20 | Contender Bicycles,https://contenderbicycles.com/products/garmin-edge-20
Garmin Edge 25 GPS Cycling Computer with Cadence | Contender Bicycles,https://contenderbicycles.com/products/garmin-edge-25-bundle
Garmin Edge 520 | Contender Bicycles,https://contenderbicycles.com/products/garmin-edge-520
Garmin Edge 520 Bundle w/Heart Rate & Cadence | Contender Bicycles,https://contenderbicycles.com/products/garmin-edge-520-bundle
Garmin Edge Out-Front Bike Mount | Contender Bicycles,https://contenderbicycles.com/products/garmin-edge-out-front-bike-mount
Garmin GPS Cycling Computer Edge 820 Heart Rate | Contender Bicycles,https://contenderbicycles.com/products/garmin-gps-cycling-computer-edge-820-with-heart-rate
Garmin Heart Rate Monitor Strap HRM3 Premium Soft | Contender Bicycles,https://contenderbicycles.com/products/garmin-heart-rate-monitor-strap-hrm3-premium-soft
Garmin Varia Rearview Radar RTL 500 | Contender Bicycles,https://contenderbicycles.com/products/garmin-varia-rearview-radar-rtl-500
Giordana Fusion Lightweight Windfront Jacket | Contender Bicycles,https://contenderbicycles.com/products/giordana-fusion-lightweight-windfront-jacket
Giro Compound MIPS Helmet | Contender Bicycles,https://contenderbicycles.com/products/giro-compound-mips-helmet
Giro Scamp Helmet | Contender Bicycles,https://contenderbicycles.com/products/giro-scamp-helmet
Giro SPF 30 Ultralight Skullcap | Contender Bicycles,https://contenderbicycles.com/products/giro-spf-30-ultralight-skullcap
Giro Thermal Arm Warmer | Contender Bicycles,https://contenderbicycles.com/products/giro-thermal-arm-warmer
Giro Venture Jersey,https://contenderbicycles.com/products/giro-venture-jersey-1
Giro Xnetic Road Gloves | Contender Bicycles,https://contenderbicycles.com/products/giro-xnetic-road-gloves-1
Hammer Perpetuem | Contender Bicycles,https://contenderbicycles.com/products/hammer-perpetuem
Honey Stinger Organic Energy Chews - Strawberry | Contender Bicycles,https://contenderbicycles.com/products/honey-stinger-organic-energy-chews-strawberry
ISM Adamo Road Saddle | Contender Bicycles,https://contenderbicycles.com/products/ism-adamo-road-saddle
Jamis Sequel S3 | Contender Bicycles,https://contenderbicycles.com/products/jamis-sequel-s3
2022 Juliana Maverick C S Kit | Contender Bicycles,https://contenderbicycles.com/products/juliana-maverick-1-c-s-kit
K-EDGE Fixed Stem Mount | Contender Bicycles,https://contenderbicycles.com/products/k-edge-fixed-stem-mount-for-wahoo-bolt-and-elemnt-computers
K-EDGE Integrated Handlebar System | Contender Bicycles,https://contenderbicycles.com/products/k-edge-integrated-handlebar-system-combo-mount-for-garmin
K-EDGE Pro Road Braze-on Chain Catcher | Contender Bicycles,https://contenderbicycles.com/products/k-edge-pro-road-braze-on-chain-catcher
K-EDGE Wahoo ELEMNT Handlebar Mount | Contender Bicycles,https://contenderbicycles.com/products/k-edge-wahoo-elemnt-combo-handlebar-mount-31-8mm-black
K-Edge Wahoo ELEMNT Handlebar Mount | Contender Bicycles,https://contenderbicycles.com/products/k-edge-wahoo-elemnt-handlebar-mount
Kali Protectives Chakra Youth Helmet | Contender Bicycles,https://contenderbicycles.com/products/kali-protectives-chakra-youth-helmet-pixel-black-youth-one-size
KASK Protone Helmet | Contender Bicycles,https://contenderbicycles.com/products/kask-protone-helmet
Knog Blinder Road 400 | Contender Bicycles,https://contenderbicycles.com/products/knog-blinder-road-400
Knog Oi Classic Bike Bell | Contender Bicycles,https://contenderbicycles.com/products/knog-oi-classic-bike-bell
Knog Plus Rear Translucent | Contender Bicycles,https://contenderbicycles.com/products/knog-plus-rear-light
Kuat Beta Hitch mounted 2 bike Rack,https://contenderbicycles.com/products/kuat-beta-hitch-rack
Kuat NV 2.0 Base - Rear Tire Strap | Contender Bicycles,https://contenderbicycles.com/products/kuat-nv-2-0-base-rear-tire-strap-matte-black
Lizard Skins Lock-On Charger Evo Grips | Contender Bicycles,https://contenderbicycles.com/products/lizard-skins-lock-on-charger-evo-grips
Maxxis Ardent Race 27.5x2.6 | Contender Bicycles,https://contenderbicycles.com/products/maxxis-ardent-race-27-5x2-6
Maxxis Ardent Race Tire - 27.5 x 2.6 | Contender Bicycles,https://contenderbicycles.com/products/maxxis-ardent-race-tire-27-5-x-2-6
Maxxis Aspen Tire - 27.5 x 2.25 | Contender Bicycles,https://contenderbicycles.com/products/maxxis-aspen-tire-27-5-x-2-25
Maxxis Chronicle Tire: 27.5+ x 3.0 | Contender Bicycles,https://contenderbicycles.com/products/maxxis-chronicle-tire-27-5-x-3-0
Maxxis Minion DHF 27.5 x 2.30 Tire | Contender Bicycles,https://contenderbicycles.com/products/maxxis-minion-dhf-27-5-x-2-30-tire
Maxxis Minion DHR II Wide Trail 27.5 x 2.4 | Contender Bicycles,https://contenderbicycles.com/products/maxxis-minion-dhr-ii-wide-trail-27-5x2-4-tire
Maxxis Rekon 27.5 x 2.60 Tire | Contender Bicycles,https://contenderbicycles.com/products/maxxis-rekon-27-5-x-2-60
Maxxis Rekon Tire - 29 x 2.4 | Contender Bicycles,https://contenderbicycles.com/products/maxxis-rekon-tire-29-x-2-4-clincher-wire-black
Maxxis Tire - Ikon 27.5 x 2.35 Tubeless Ready | Contender Bicycles,https://contenderbicycles.com/products/maxxis-tire-ikon-27-5-x-2-35
Most Tiger Aero Stem - 100mm | Contender Bicycles,https://contenderbicycles.com/products/most-tiger-aero-stem-100mm
OneUp Components Comp Platform Pedal | Contender Bicycles,https://contenderbicycles.com/products/oneup-components-comp-platform-pedal-black
OPEN One+ Frameset (Ready to Paint) | Contender Bicycles,https://contenderbicycles.com/products/open-one-frameset-ready-to-paint
OPEN Touch Up Paint | OPEN Bikes | Contender Bicycles,https://contenderbicycles.com/products/open-touch-up-paint
Orbea Motor Protector - EP8 RS (for Orbea Rise),https://contenderbicycles.com/products/orbea-motor-protector-ep8-rs-for-orbea-rise
2022 Orbea Occam H10 | ORBEA Bikes | Contender Bicycles,https://contenderbicycles.com/products/orbea-occam-h10
2022 Orbea Occam H20-Eagle | ORBEA Bikes | Contender Bicycles,https://contenderbicycles.com/products/orbea-occam-h20-eagle
2022 Orbea Occam M-LTD | ORBEA Bikes | Contender Bicycles,https://contenderbicycles.com/products/orbea-occam-m-ltd
2022 Orbea Occam M30 | ORBEA Bikes | Contender Bicycles,https://contenderbicycles.com/products/orbea-occam-m30
2022 Orbea Occam M30 Eagle | ORBEA Bikes | Contender Bicycles,https://contenderbicycles.com/products/orbea-occam-m30-eagle
2022 Orbea Rallon M-LTD | ORBEA Bikes | Contender Bicycles,https://contenderbicycles.com/products/orbea-rallon-m-ltd
Orbea Vibe Kickstand | Contender Bicycles,https://contenderbicycles.com/products/orbea-vibe-kickstand
Park Tool CG-2.4 Chain Gang Cleaning Kit | Contender Bicycles,https://contenderbicycles.com/products/park-tool-cg-2-4-chain-gang-cleaning-kit
Pearl Izumi Barrier Cycling Cap | Contender Bicycles,https://contenderbicycles.com/products/pearl-izumi-barrier-cycling-cap
Pearl Izumi Barrier Lite Cycling Cap | Contender Bicycles,https://contenderbicycles.com/products/pearl-izumi-barrier-lite-cycling-cap
Pearl Izumi Elite Gel Full Finger Glove | Contender Bicycles,https://contenderbicycles.com/products/pearl-izumi-elite-gel-full-finger-glove
Pearl Izumi Men's Boardwalk Short | Contender Bicycles,https://contenderbicycles.com/products/pearl-izumi-mens-boardwalk-short
Pearl Izumi Men's Elite Escape Bib Short | Contender Bicycles,https://contenderbicycles.com/products/pearl-izumi-mens-elite-escape-bib-short
Pearl Izumi Men's Pursuit Attack Bib Short | Contender Bicycles,https://contenderbicycles.com/products/pearl-izumi-mens-pursuit-attack-bib-short
Pearl Izumi Men's Pursuit Attack Short | Contender Bicycles,https://contenderbicycles.com/products/pearl-izumi-mens-pursuit-attack-short
Pearl Izumi Men's Pursuit Thermal Cycling Tight | Contender Bicycles,https://contenderbicycles.com/products/pearl-izumi-mens-pursuit-thermal-cycling-tight
Pearl Izumi Pro Gel Vent Full Finger Glove | Contender Bicycles,https://contenderbicycles.com/products/pearl-izumi-pro-gel-vent-full-finger-glove
Pearl Izumi Pro Gel Vent Glove | Contender Bicycles,https://contenderbicycles.com/products/pearl-izumi-pro-gel-vent-glove
Pearl Izumi Quest AmFIB Jacket | Contender Bicycles,https://contenderbicycles.com/products/pearl-izumi-quest-amfib-jacket
Pearl Izumi Thermal Headband | Contender Bicycles,https://contenderbicycles.com/products/pearl-izumi-thermal-headband
Pearl Izumi Thermal Headband - Black (One Size) | Contender Bicycles,https://contenderbicycles.com/products/pearl-izumi-thermal-headband-black-one-size
Pearl Izumi Thermal Run Hat | Contender Bicycles,https://contenderbicycles.com/products/pearl-izumi-thermal-run-hat
Pearl Izumi Thermal Skull Cap Black One Size | Contender Bicycles,https://contenderbicycles.com/products/pearl-izumi-thermal-skull-cap-black-one-size
Pearl Izumi Transfer Cycling Cap | Contender Bicycles,https://contenderbicycles.com/products/pearl-izumi-transfer-cycling-cap
Pearl Izumi Transfer Lite Cycling Cap | Contender Bicycles,https://contenderbicycles.com/products/pearl-izumi-transfer-lite-cycling-cap
Pearl Izumi Vista Fleece Pullover | Contender Bicycles,https://contenderbicycles.com/products/pearl-izumi-vista-fleece-pullover
Pearl Izumi Women's Pro Gel Vent Glove | Contender Bicycles,https://contenderbicycles.com/products/pearl-izumi-womens-pro-gel-vent-glove
Pearl Izumi Women's Transfer Wool Long Sleeve Cycling Base Layer | Contender Bicycles,https://contenderbicycles.com/products/pearl-izumi-womens-transfer-wool-long-sleeve-cycling-base-layer
Pearl Izumi Women's Transfer Wool Short Sleeve Cycling Base Layer | Contender Bicycles,https://contenderbicycles.com/products/pearl-izumi-womens-transfer-wool-short-sleeve-cycling-base-layer
PRO Discover Dropper Seatpost | Contender Bicycles,https://contenderbicycles.com/products/pro-discover-dropper-seatpost
PRO Discover Team Gravel Top Tube Bag 0.7 | Contender Bicycles,https://contenderbicycles.com/products/pro-discover-team-gravel-top-tube-bag-0-7-l
PRO Falcon Saddle | Contender Bicycles,https://contenderbicycles.com/products/pro-falcon-saddle
PRO Floorpump Competition | Contender Bicycles,https://contenderbicycles.com/products/pro-floorpump-competition-black-integrated-adjustable
PRO Gravel Comfort Bar Tape | Contender Bicycles,https://contenderbicycles.com/products/pro-gravel-comfort-bar-tape
PRO Gravel Top Tube Bag | Contender Bicycles,https://contenderbicycles.com/products/pro-gravel-top-tube-bag
PRO Gravel Top Tube Bag 0.7 Liter | Contender Bicycles,https://contenderbicycles.com/products/pro-gravel-top-tube-bag-0-7-liter
PRO Griffon Saddle | Contender Bicycles,https://contenderbicycles.com/products/pro-griffon-saddle
PRO Mini Tool 22 Black | Contender Bicycles,https://contenderbicycles.com/products/pro-mini-tool-22-black
PRO Scrubber Set | Contender Bicycles,https://contenderbicycles.com/products/pro-scrubber-set
PRO Stealth Offroad Saddle | Contender Bicycles,https://contenderbicycles.com/products/pro-stealth-offroad-saddle
PRO Stealth Team Saddle | Contender Bicycles,https://contenderbicycles.com/products/pro-stealth-team-saddle
PRO Team HP High Pressure Floor Pump | Contender Bicycles,https://contenderbicycles.com/products/pro-team-high-pressure-floor-pump
PRO Team HP Mini Pump | Contender Bicycles,https://contenderbicycles.com/products/pro-team-hp-mini-pump
PRO Team Pedal Wrench | Contender Bicycles,https://contenderbicycles.com/products/pro-team-pedal-wrench
PRO TOOL BOX | Contender Bicycles,https://contenderbicycles.com/products/pro-tool-box
PRO Touring Floorpump Black Integrated/Adjustable | Contender Bicycles,https://contenderbicycles.com/products/pro-touring-floorpump-black-integrated-adjustable
PRO Turnix AF Saddle Black | Contender Bicycles,https://contenderbicycles.com/products/pro-turnix-af-saddle-black
PRO Turnix Carbon AF saddle Black 142mm | Contender Bicycles,https://contenderbicycles.com/products/pro-turnix-carbon-af-saddle-black-142mm
PRO Y-Wrench 2/2.5/3mm HEX | Contender Bicycles,https://contenderbicycles.com/products/pro-y-wrench-hex
Q36.5 Men's Jersey Long Sleeve Hybrid Que | Contender Bicycles,https://contenderbicycles.com/products/q36-5-mens-jersey-long-sleeve-hybrid-que
Rene Herse Steliacoom Endurance Casing 700 x 38c | Contender Bicycles,https://contenderbicycles.com/products/rene-herse-steliacoom-endurance-casing-700-x-38c-dark-tan
Rene Herse Oracle Ridge 700 x 48mm Extralight | Contender Bicycles,https://contenderbicycles.com/products/reneherse-oracle-ridge-700-x-48mm-extralight-casing-tan
Reserve 22 Carbon Wheelset | Contender Bicycles,https://contenderbicycles.com/products/reserve-22-carbon-wheelset
"Santa Cruz Bicycles Reserve DH Rim - 29"", Disc | Contender Bicycles",https://contenderbicycles.com/products/santa-cruz-bicycles-reserve-dh-rim-29-disc-black-32h
2022 Santa Cruz Nomad 5 CC X01 AXS Kit | Contender Bicycles,https://contenderbicycles.com/products/santa-cruz-nomad-5-cc-x01-axs-kit
2022 Santa Cruz Tallboy C S kit | Contender Bicycles,https://contenderbicycles.com/products/santa-cruz-tallboy-4-c-s-kit
Schwable Racing Ralph Tubeless Ready Pacestar | Contender Bicycles,https://contenderbicycles.com/products/schwable-racing-ralph-tubeless-ready-folding-pacestar-29x2-10
2022 SCOTT Addict 30 | SCOTT Bikes | Contender Bicycles,https://contenderbicycles.com/products/scott-addict-30
2022 SCOTT Addict eRIDE 20 | SCOTT Bikes | Contender Bicycles,https://contenderbicycles.com/products/scott-addict-eride-20
2022 SCOTT Addict eRIDE 30 | SCOTT Bikes | Contender Bicycles,https://contenderbicycles.com/products/scott-addict-eride-30
Scott Commuter Evo 28 Backpack | Contender Bicycles,https://contenderbicycles.com/products/scott-commuter-evo-28-backpack
2022 SCOTT Contessa Addict 35 | SCOTT Bikes | Contender Bicycles,https://contenderbicycles.com/products/scott-contessa-addict-35
2022 SCOTT Contessa Spark 910 | SCOTT Bikes | Contender Bicycles,https://contenderbicycles.com/products/scott-contessa-spark-910
2022 SCOTT Contessa Speedster 25 Disc | Contender Bicycles,https://contenderbicycles.com/products/scott-contessa-speedster-25-disc
2022 SCOTT Gambler 920 | SCOTT Bikes | Contender Bicycles,https://contenderbicycles.com/products/scott-gambler-920
Scott Men's Trail MTN Shorts | Contender Bicycles,https://contenderbicycles.com/products/scott-mens-trail-mtn-shorts
2022 SCOTT Ransom 400 | SCOTT Bikes | Contender Bicycles,https://contenderbicycles.com/products/scott-ransom-400
2022 SCOTT Ransom 930 | SCOTT Bikes | Contender Bicycles,https://contenderbicycles.com/products/scott-ransom-930
Scott RC EVO Road Shoe | Contender Bicycles,https://contenderbicycles.com/products/scott-rc-evo-road-shoe
Scott RC Raceday 60 Bag | Contender Bicycles,https://contenderbicycles.com/products/scott-rc-raceday-60-bag
2022 SCOTT Silence eRide 20 Men Speed | SCOTT Bikes | Contender Bicycles,https://contenderbicycles.com/products/scott-silence-eride-20-men-speed
2022 SCOTT Silence eRide Evo Speed | SCOTT Bikes | Contender Bicycles,https://contenderbicycles.com/products/scott-silence-eride-evo-speed
2022 SCOTT Spark RC Supersonic - HMX Frame + Fork | Contender Bicycles,https://contenderbicycles.com/products/scott-spark-rc-hmx-frame-fork
2022 SCOTT Speedster 40 | SCOTT Bikes | Contender Bicycles,https://contenderbicycles.com/products/scott-speedster-40
Scott Sport Shield Sunglasses | Contender Bicycles,https://contenderbicycles.com/products/scott-sport-shield-sunglasses
Scott Syncros Saddle XM 1.0 Black/Orange | Contender Bicycles,https://contenderbicycles.com/products/scott-syncros-saddle-xm-1-0-black-orange
Scott Vivo Plus (CPSC) Helmet | Contender Bicycles,https://contenderbicycles.com/products/scott-vivo-plus-cpsc-helmet
Shimano 105 5800 Carbon SPD-SL Pedal | Contender Bicycles,https://contenderbicycles.com/products/shimano-105-5800-carbon-spd-sl-pedal
Shimano PD-M820 Saint SPD Pedal With Cleat | Contender Bicycles,https://contenderbicycles.com/products/shimano-pd-m820-saint-spd-pedal-with-sm-sh51-cleat
Shimano PD-MX70 DXR SPD Pedal | Contender Bicycles,https://contenderbicycles.com/products/shimano-pd-mx70-dxr-spd-pedal
Shimano SH-MW701 Winter Mountain Shoes | Contender Bicycles,https://contenderbicycles.com/products/shimano-sh-mw701-winter-mountain-shoes
Skratch Labs Anytime Hydration Drink Mix | Contender Bicycles,https://contenderbicycles.com/products/skratch-labs-anytime-hydration-drink-mix
Skratch Labs Hydration Strawberry Lemonade Single | Contender Bicycles,https://contenderbicycles.com/products/skratch-labs-sport-hydration-mix-strawberries-single-serving
Smith Reverb ChromaPop Sunglasses | Contender Bicycles,https://contenderbicycles.com/products/smith-reverb-chromapop-sunglasses
Smith Reverb Sunglasses | Contender Bicycles,https://contenderbicycles.com/products/smith-reverb-sunglasses
Speedplay SYZR CHROME-MOLY pedals | Contender Bicycles,https://contenderbicycles.com/products/speedplay-syzr-chrome-moly-pedals
Speedplay Ultra Light Action Chrome-Moly Pedals | Contender Bicycles,https://contenderbicycles.com/products/speedplay-ultra-light-action-chrome-moly-pedals
Speedplay Zero CrMo Pedals w/Walkable Cleat | Contender Bicycles,https://contenderbicycles.com/products/speedplay-zero-crmo-pedals
Speedplay ZERO STAINLESS Pedals w/Walkable Cleats | Contender Bicycles,https://contenderbicycles.com/products/speedplay-zero-stainless-pedals
SRM PC 8 Controller | Contender Bicycles,https://contenderbicycles.com/products/srm-pc-8-controller
Stan's No Tubes Crest CB7 | Contender Bicycles,https://contenderbicycles.com/products/stans-no-tubes-crest-cb7
Stan's No Tubes Podium SRD 29 | Contender Bicycles,https://contenderbicycles.com/products/stans-no-tubes-podium-srd-29
Stan's NoTubes 44mm Tubeless Valve | Contender Bicycles,https://contenderbicycles.com/products/stans-notubes-44mm-tubeless-valve
Supacaz Grizips | Contender Bicycles,https://contenderbicycles.com/products/supacaz-grizips
Syncros Greenslide 9 Multi Tool | Contender Bicycles,https://contenderbicycles.com/products/syncros-greenslide-9-multi-tool
Syncros Grip Comfort Lock-On | Contender Bicycles,https://contenderbicycles.com/products/syncros-grip-comfort-lock-on
Syncros Grip Pro Lock-On | Contender Bicycles,https://contenderbicycles.com/products/syncros-grip-pro-lock-on
Syncros H.Bar Hixon SL iC | Contender Bicycles,https://contenderbicycles.com/products/syncros-h-bar-hixon-sl-ic
"SYNCROS HIXON IC, STEM XR + FL COMPUTER MOUNT | Contender Bicycles",https://contenderbicycles.com/products/syncros-hixon-ic-stem-xr-fl-computer-mount
Syncros IS Accessory Mount | Contender Bicycles,https://contenderbicycles.com/products/syncros-is-accessory-mount
Syncros IS Speed 300 Saddle Bag | Contender Bicycles,https://contenderbicycles.com/products/syncros-is-speed-300-saddle-bag
Syncros Multi-tool Matchbox 6 | Contender Bicycles,https://contenderbicycles.com/products/syncros-multi-tool-matchbox-6-black
Syncros Saddle Bag Speed 200 (Strap) | Contender Bicycles,https://contenderbicycles.com/products/syncros-saddle-bag-speed-200-strap
Syncros Squamish III Flat Pedals | Contender Bicycles,https://contenderbicycles.com/products/syncros-squamish-iii-flat-pedals
Syncros Tofino R 1.5 Saddle | Contender Bicycles,https://contenderbicycles.com/products/syncros-tofino-r-1-5-saddle-black
Syncros Tofino R 1.5 Saddle Brown | Contender Bicycles,https://contenderbicycles.com/products/syncros-tofino-r-1-5-saddle-brown
Syncros Trail 34SC Fender Red | Contender Bicycles,https://contenderbicycles.com/products/syncros-trail-34sc-fender-red
Syncros Trail Fender Squad Orange | Contender Bicycles,https://contenderbicycles.com/products/syncros-trail-fender-squad-orange
Thule Helium Platform - 2-Bike | Contender Bicycles,https://contenderbicycles.com/products/thule-helium-platform-2-bike-1-1-4-2-receiver-silver
Time ATAC Cleat 13/17^ Release Angle | TIME Bikes | Contender Bicycles,https://contenderbicycles.com/products/time-atac-cleat
TIME ATAC MX 2 Pedals | TIME Bikes | Contender Bicycles,https://contenderbicycles.com/products/time-atac-mx-2-pedals
TIME ATAC MX 4 Pedals | TIME Bikes | Contender Bicycles,https://contenderbicycles.com/products/time-atac-mx-4-pedals
TIME ATAC MX 6 Pedals | TIME Bikes | Contender Bicycles,https://contenderbicycles.com/products/time-atac-mx-6-pedals
TIME ATAC MX 8 Carbon Pedals | TIME Bikes | Contender Bicycles,https://contenderbicycles.com/products/time-atac-mx-8-carbon-pedals
Time ATAC XC 12 Pedals - Dual Sided Clipless | Contender Bicycles,https://contenderbicycles.com/products/time-atac-xc-12-pedals-dual-sided-clipless-carbon-9-16-black-red
TIME ATAC XC 8 Carbon Pedals | TIME Bikes | Contender Bicycles,https://contenderbicycles.com/products/time-atac-xc-8-carbon-pedals
TIME Link Pedals | TIME Bikes | Contender Bicycles,https://contenderbicycles.com/products/time-link-pedals
TIME RXS Cafe Cleat Set | TIME Bikes | Contender Bicycles,https://contenderbicycles.com/products/time-rxs-cade-cleat-set
Time SPECIALE 8 Black Pedals | TIME Bikes | Contender Bicycles,https://contenderbicycles.com/products/time-speciale-8-black-pedals
TIME Xpresso 12 Titanium Carbon Pedals | Contender Bicycles,https://contenderbicycles.com/products/time-xpresso-12-titanium-carbon-pedals
TIME Xpresso 2 Pedals | TIME Bikes | Contender Bicycles,https://contenderbicycles.com/products/time-xpresso-2-pedals
Time Xpresso 4 Pedals | TIME Bikes | Contender Bicycles,https://contenderbicycles.com/products/time-xpresso-4-pedals
TIME Xpresso 6 Pedals | TIME Bikes | Contender Bicycles,https://contenderbicycles.com/products/time-xpresso-6-pedal
Tub Wallet | Contender Bicycles,https://contenderbicycles.com/products/tub-wallet
Ultradynamico Cava JFF | Contender Bicycles,https://contenderbicycles.com/products/ultradynamico-cava-jff
Ultradynamico Cava Robusto | Contender Bicycles,https://contenderbicycles.com/products/ultradynamico-cava-robusto
Ultradynamico ROSÉ JFF 650b x 47.99 | Contender Bicycles,https://contenderbicycles.com/products/ultradynamico-rose-jff-650b-x-47-99
Ultradynamico ROSÉ Race 650b x 47.99 | Contender Bicycles,https://contenderbicycles.com/products/ultradynamico-rose-race
Ultradynamico ROSÉ Robusto 650b x 47.99 | Contender Bicycles,https://contenderbicycles.com/products/ultradynamico-rose-robusto
Vermarc Roubaix Knee Warmer | Contender Bicycles,https://contenderbicycles.com/products/vermarc-roubaix-knee-warmer
Wahoo ELEMNT BOLT Aero Out Front Mount | Contender Bicycles,https://contenderbicycles.com/products/wahoo-elemnt-bolt-aero-out-front-mount
Wahoo RPM Cycling Cadence Sensor | Contender Bicycles,https://contenderbicycles.com/products/wahoo-rpm-cycling-cadence-sensor
